,restaurant_name,location_url
0,সালমাস ফুড,https://www.google.com/maps/place/%E0%A6%B8%E0%A6%BE%E0%A6%B2%E0%A6%AE%E0%A6%BE%E0%A6%B8+%E0%A6%AB%E0%A7%81%E0%A6%A1/data=!4m7!3m6!1s0x3754a5007c0fa519:0x6d8a9e2655896393!8m2!3d22.8811152!4d91.1004698!16s%2Fg%2F11ld2p1cf_!19sChIJGaUPfAClVDcRk2OJVSaeim0?authuser=0&hl=bn&rclk=1
1,মনির রেস্টুরেন্ট,https://www.google.com/maps/place/%E0%A6%AE%E0%A6%A8%E0%A6%BF%E0%A6%B0+%E0%A6%B0%E0%A7%87%E0%A6%B8%E0%A7%8D%E0%A6%9F%E0%A7%81%E0%A6%B0%E0%A7%87%E0%A6%A8%E0%A7%8D%E0%A6%9F/data=!4m7!3m6!1s0x3754a5004d2bfa5d:0x49b8a2dbe7acf848!8m2!3d22.878234!4d91.1019799!16s%2Fg%2F11x0gl2l2v!19sChIJXforTQClVDcRSPis59uiuEk?authuser=0&hl=bn&rclk=1
2,মোল্লার হোটেল (মোল্লার হোটেল),https://www.google.com/maps/place/%E0%A6%AE%E0%A7%8B%E0%A6%B2%E0%A7%8D%E0%A6%B2%E0%A6%BE%E0%A6%B0+%E0%A6%B9%E0%A7%8B%E0%A6%9F%E0%A7%87%E0%A6%B2+%28%E0%A6%AE%E0%A7%8B%E0%A6%B2%E0%A7%8D%E0%A6%B2%E0%A6%BE%E0%A6%B0+%E0%A6%B9%E0%A7%8B%E0%A6%9F%E0%A7%87%E0%A6%B2%29/data=!4m7!3m6!1s0x3754a5002529e415:0xe77843ea03c8baac!8m2!3d22.8769058!4d91.1039506!16s%2Fg%2F11w2dtg4kr!19sChIJFeQpJQClVDcRrLrIA-pDeOc?authuser=0&hl=bn&rclk=1
3,তাসমি বিরিয়ানী হাউস,https://www.google.com/maps/place/%E0%A6%A4%E0%A6%BE%E0%A6%B8%E0%A6%AE%E0%A6%BF+%E0%A6%AC%E0%A6%BF%E0%A6%B0%E0%A6%BF%E0%A6%AF%E0%A6%BC%E0%A6%BE%E0%A6%A8%E0%A7%80+%E0%A6%B9%E0%A6%BE%E0%A6%89%E0%A6%B8/data=!4m7!3m6!1s0x3754a5148b3c6007:0x6acf29c70ffe1cf5!8m2!3d22.883201!4d91.0971493!16s%2Fg%2F11hf7w2c9k!19sChIJB2A8ixSlVDcR9Rz-D8cpz2o?authuser=0&hl=bn&rclk=1
4,ভাত ঘর হোটেল,https://www.google.com/maps/place/%E0%A6%AD%E0%A6%BE%E0%A6%A4+%E0%A6%98%E0%A6%B0+%E0%A6%B9%E0%A7%8B%E0%A6%9F%E0%A7%87%E0%A6%B2/data=!4m7!3m6!1s0x3754a5001a93c781:0x71a972d3a478d328!8m2!3d22.8696055!4d91.0966423!16s%2Fg%2F11md8p9qzj!19sChIJgceTGgClVDcRKNN4pNNyqXE?authuser=0&hl=bn&rclk=1
5,পাটওয়ারী মুরগী বিতান,https://www.google.com/maps/place/%E0%A6%AA%E0%A6%BE%E0%A6%9F%E0%A6%93%E0%A7%9F%E0%A6%BE%E0%A6%B0%E0%A7%80+%E0%A6%AE%E0%A7%81%E0%A6%B0%E0%A6%97%E0%A7%80+%E0%A6%AC%E0%A6%BF%E0%A6%A4%E0%A6%BE%E0%A6%A8/data=!4m7!3m6!1s0x3754a5a88e0b2f8b:0xd77eec890ef49513!8m2!3d22.884329!4d91.1050659!16s%2Fg%2F11rhf3p636!19sChIJiy8LjqilVDcRE5X0Donsftc?authuser=0&hl=bn&rclk=1
6,ক্যাফে জিসান হোটেল এন্ড রেস্টুরেন্ট,https://www.google.com/maps/place/%E0%A6%95%E0%A7%8D%E0%A6%AF%E0%A6%BE%E0%A6%AB%E0%A7%87+%E0%A6%9C%E0%A6%BF%E0%A6%B8%E0%A6%BE%E0%A6%A8+%E0%A6%B9%E0%A7%8B%E0%A6%9F%E0%A7%87%E0%A6%B2+%E0%A6%8F%E0%A6%A8%E0%A7%8D%E0%A6%A1+%E0%A6%B0%E0%A7%87%E0%A6%B8%E0%A7%8D%E0%A6%9F%E0%A7%81%E0%A6%B0%E0%A7%87%E0%A6%A8%E0%A7%8D%E0%A6%9F/data=!4m7!3m6!1s0x3754a461e4f44e69:0x7d554fd3c2f7facb!8m2!3d22.8833243!4d91.0973266!16s%2Fg%2F11bw_59k0t!19sChIJaU705GGkVDcRy_r3wtNPVX0?authuser=0&hl=bn&rclk=1
7,AFGANI BIRIYANI,https://www.google.com/maps/place/AFGANI+BIRIYANI/data=!4m7!3m6!1s0x3754a53ed523be79:0xcc4a1d3c3381dd57!8m2!3d22.8821718!4d91.0971573!16s%2Fg%2F11xdf_z7dm!19sChIJeb4j1T6lVDcRV92BMzwdSsw?authuser=0&hl=bn&rclk=1
8,Tokyo Food,https://www.google.com/maps/place/Tokyo+Food/data=!4m7!3m6!1s0x3754a461dfbdf2d3:0x8c021938da552990!8m2!3d22.8828232!4d91.0973598!16s%2Fg%2F11bx0h8d36!19sChIJ0_K932GkVDcRkClV2jgZAow?authuser=0&hl=bn&rclk=1
9,Ashraf,https://www.google.com/maps/place/Ashraf/data=!4m7!3m6!1s0x3754a5fb21c00187:0xddab49f2e15bd890!8m2!3d22.8845755!4d91.1029706!16s%2Fg%2F11hym1bd9z!19sChIJhwHAIfulVDcRkNhb4fJJq90?authuser=0&hl=bn&rclk=1
10,বিবি কনভেনশন হল & রেস্টুরেন্ট,https://www.google.com/maps/place/%E0%A6%AC%E0%A6%BF%E0%A6%AC%E0%A6%BF+%E0%A6%95%E0%A6%A8%E0%A6%AD%E0%A7%87%E0%A6%A8%E0%A6%B6%E0%A6%A8+%E0%A6%B9%E0%A6%B2+%26+%E0%A6%B0%E0%A7%87%E0%A6%B8%E0%A7%8D%E0%A6%9F%E0%A7%81%E0%A6%B0%E0%A7%87%E0%A6%A8%E0%A7%8D%E0%A6%9F/data=!4m7!3m6!1s0x3754a5cf406767b9:0xa4fb64bc3ca7a323!8m2!3d22.8816473!4d91.097111!16s%2Fg%2F11j2phz471!19sChIJuWdnQM-lVDcRI6OnPLxk-6Q?authuser=0&hl=bn&rclk=1
11,জম জম হোটেল এন্ড রেস্টুরেন্ট,https://www.google.com/maps/place/%E0%A6%9C%E0%A6%AE+%E0%A6%9C%E0%A6%AE+%E0%A6%B9%E0%A7%8B%E0%A6%9F%E0%A7%87%E0%A6%B2+%E0%A6%8F%E0%A6%A8%E0%A7%8D%E0%A6%A1+%E0%A6%B0%E0%A7%87%E0%A6%B8%E0%A7%8D%E0%A6%9F%E0%A7%81%E0%A6%B0%E0%A7%87%E0%A6%A8%E0%A7%8D%E0%A6%9F/data=!4m7!3m6!1s0x3754a5002790e659:0x9bdf313678b10201!8m2!3d22.8729399!4d91.0911995!16s%2Fg%2F11y7ws3l4d!19sChIJWeaQJwClVDcRAQKxeDYx35s?authuser=0&hl=bn&rclk=1
12,Rupa’s cake Fantasy,https://www.google.com/maps/place/Rupa%E2%80%99s+cake+Fantasy/data=!4m7!3m6!1s0x3754a5004b23994b:0x6cce1e8459484a84!8m2!3d22.8820464!4d91.1010247!16s%2Fg%2F11mdsfjg34!19sChIJS5kjSwClVDcRhEpIWYQezmw?authuser=0&hl=bn&rclk=1
13,মেসার্স রয়েল হোটেল এন্ড রেষ্টুরেন্ট !!,https://www.google.com/maps/place/%E0%A6%AE%E0%A7%87%E0%A6%B8%E0%A6%BE%E0%A6%B0%E0%A7%8D%E0%A6%B8+%E0%A6%B0%E0%A7%9F%E0%A7%87%E0%A6%B2+%E0%A6%B9%E0%A7%8B%E0%A6%9F%E0%A7%87%E0%A6%B2+%E0%A6%8F%E0%A6%A8%E0%A7%8D%E0%A6%A1+%E0%A6%B0%E0%A7%87%E0%A6%B7%E0%A7%8D%E0%A6%9F%E0%A7%81%E0%A6%B0%E0%A7%87%E0%A6%A8%E0%A7%8D%E0%A6%9F+!!/data=!4m7!3m6!1s0x3754a48a1b8993fb:0x97e4323e92059f26!8m2!3d22.8837411!4d91.0961327!16s%2Fg%2F11csqb8xwt!19sChIJ-5OJG4qkVDcRJp8Fkj4y5Jc?authuser=0&hl=bn&rclk=1
14,নূর হোটেল এন্ড রেস্টুরেন্ট,https://www.google.com/maps/place/%E0%A6%A8%E0%A7%82%E0%A6%B0+%E0%A6%B9%E0%A7%8B%E0%A6%9F%E0%A7%87%E0%A6%B2+%E0%A6%8F%E0%A6%A8%E0%A7%8D%E0%A6%A1+%E0%A6%B0%E0%A7%87%E0%A6%B8%E0%A7%8D%E0%A6%9F%E0%A7%81%E0%A6%B0%E0%A7%87%E0%A6%A8%E0%A7%8D%E0%A6%9F/data=!4m7!3m6!1s0x3754a5a7a44bfa3b:0x6dcacc06e2e6d59e!8m2!3d22.8946484!4d91.0981617!16s%2Fg%2F11n0np2rlp!19sChIJO_pLpKelVDcRntXm4gbMym0?authuser=0&hl=bn&rclk=1
15,"Nabab Convention Hall, Hotel, Chinese & Restaurant","https://www.google.com/maps/place/Nabab+Convention+Hall,+Hotel,+Chinese+%26+Restaurant/data=!4m7!3m6!1s0x3754a5007786cbfd:0x561cccfd348cc419!8m2!3d22.8778356!4d91.0966311!16s%2Fg%2F11wxgnhc48!19sChIJ_cuGdwClVDcRGcSMNP3MHFY?authuser=0&hl=bn&rclk=1"
16,ক্যাফে 16,https://www.google.com/maps/place/%E0%A6%95%E0%A7%8D%E0%A6%AF%E0%A6%BE%E0%A6%AB%E0%A7%87+16/data=!4m7!3m6!1s0x3754a53eec95577d:0x31a22e3ee57b05e2!8m2!3d22.8879523!4d91.0970695!16s%2Fg%2F11rmnhjdyx!19sChIJfVeV7D6lVDcR4gV75T4uojE?authuser=0&hl=bn&rclk=1
17,মিয়ামি লেইজার স্পট,https://www.google.com/maps/place/%E0%A6%AE%E0%A6%BF%E0%A7%9F%E0%A6%BE%E0%A6%AE%E0%A6%BF+%E0%A6%B2%E0%A7%87%E0%A6%87%E0%A6%9C%E0%A6%BE%E0%A6%B0+%E0%A6%B8%E0%A7%8D%E0%A6%AA%E0%A6%9F/data=!4m7!3m6!1s0x3754a578138d34b3:0x7479623a51f98830!8m2!3d22.8804998!4d91.1083689!16s%2Fg%2F11jcnvd2dd!19sChIJszSNE3ilVDcRMIj5UTpieXQ?authuser=0&hl=bn&rclk=1
18,ফুড লাউঞ্জ অ্যান্ড ক্যাটারিং,https://www.google.com/maps/place/%E0%A6%AB%E0%A7%81%E0%A6%A1+%E0%A6%B2%E0%A6%BE%E0%A6%89%E0%A6%9E%E0%A7%8D%E0%A6%9C+%E0%A6%85%E0%A7%8D%E0%A6%AF%E0%A6%BE%E0%A6%A8%E0%A7%8D%E0%A6%A1+%E0%A6%95%E0%A7%8D%E0%A6%AF%E0%A6%BE%E0%A6%9F%E0%A6%BE%E0%A6%B0%E0%A6%BF%E0%A6%82/data=!4m7!3m6!1s0x3754a5ed4b801ebb:0x900c358517ab0903!8m2!3d22.8843224!4d91.1051035!16s%2Fg%2F11t6nnp5hn!19sChIJux6AS-2lVDcRAwmrF4U1DJA?authuser=0&hl=bn&rclk=1
19,হ্যাংআউট রেস্টুরেন্ট & মিউজিক ক্যাফে,https://www.google.com/maps/place/%E0%A6%B9%E0%A7%8D%E0%A6%AF%E0%A6%BE%E0%A6%82%E0%A6%86%E0%A6%89%E0%A6%9F+%E0%A6%B0%E0%A7%87%E0%A6%B8%E0%A7%8D%E0%A6%9F%E0%A7%81%E0%A6%B0%E0%A7%87%E0%A6%A8%E0%A7%8D%E0%A6%9F+%26+%E0%A6%AE%E0%A6%BF%E0%A6%89%E0%A6%9C%E0%A6%BF%E0%A6%95+%E0%A6%95%E0%A7%8D%E0%A6%AF%E0%A6%BE%E0%A6%AB%E0%A7%87/data=!4m7!3m6!1s0x3754a45887056563:0x6b991b8e7459feef!8m2!3d22.8699515!4d91.0973879!16s%2Fg%2F11f1242pqg!19sChIJY2UFh1ikVDcR7_5ZdI4bmWs?authuser=0&hl=bn&rclk=1
20,গ্র্যান্ড হোটেল অ্যান্ড রেস্টুরেন্ট,https://www.google.com/maps/place/%E0%A6%97%E0%A7%8D%E0%A6%B0%E0%A7%8D%E0%A6%AF%E0%A6%BE%E0%A6%A8%E0%A7%8D%E0%A6%A1+%E0%A6%B9%E0%A7%8B%E0%A6%9F%E0%A7%87%E0%A6%B2+%E0%A6%85%E0%A7%8D%E0%A6%AF%E0%A6%BE%E0%A6%A8%E0%A7%8D%E0%A6%A1+%E0%A6%B0%E0%A7%87%E0%A6%B8%E0%A7%8D%E0%A6%9F%E0%A7%81%E0%A6%B0%E0%A7%87%E0%A6%A8%E0%A7%8D%E0%A6%9F/data=!4m7!3m6!1s0x3754a4f808bcc067:0x9b4be386347a9ed7!8m2!3d22.8657109!4d91.0968299!16s%2Fg%2F11byflmc6y!19sChIJZ8C8CPikVDcR1556NIbjS5s?authuser=0&hl=bn&rclk=1
21,আমানিয়া হোটেল,https://www.google.com/maps/place/%E0%A6%86%E0%A6%AE%E0%A6%BE%E0%A6%A8%E0%A6%BF%E0%A7%9F%E0%A6%BE+%E0%A6%B9%E0%A7%8B%E0%A6%9F%E0%A7%87%E0%A6%B2/data=!4m7!3m6!1s0x3754a4f6266a89cb:0x1662b101b69cc56a!8m2!3d22.8700819!4d91.0967403!16s%2Fg%2F1pxq7l6rk!19sChIJy4lqJvakVDcRasWctgGxYhY?authuser=0&hl=bn&rclk=1
22,আলো,https://www.google.com/maps/place/%E0%A6%86%E0%A6%B2%E0%A7%8B/data=!4m7!3m6!1s0x3754a5dbff6c194b:0xbde4d794bb46fd1d!8m2!3d22.8723789!4d91.0973184!16s%2Fg%2F11fmzk7p6b!19sChIJSxls_9ulVDcRHf1Gu5TX5L0?authuser=0&hl=bn&rclk=1
23,মমস এন মরে-মাইজদী,https://www.google.com/maps/place/%E0%A6%AE%E0%A6%AE%E0%A6%B8+%E0%A6%8F%E0%A6%A8+%E0%A6%AE%E0%A6%B0%E0%A7%87-%E0%A6%AE%E0%A6%BE%E0%A6%87%E0%A6%9C%E0%A6%A6%E0%A7%80/data=!4m7!3m6!1s0x3754a5bf46055e25:0x3e5f1a2be6c06577!8m2!3d22.8809196!4d91.1009136!16s%2Fg%2F11y6nprsqk!19sChIJJV4FRr-lVDcRd2XA5isaXz4?authuser=0&hl=bn&rclk=1
24,নোমান ষ্টোর,https://www.google.com/maps/place/%E0%A6%A8%E0%A7%8B%E0%A6%AE%E0%A6%BE%E0%A6%A8+%E0%A6%B7%E0%A7%8D%E0%A6%9F%E0%A7%8B%E0%A6%B0/data=!4m7!3m6!1s0x3754a50021790959:0xae0b0ae3e804cf23!8m2!3d22.8723789!4d91.0973184!16s%2Fg%2F11l_1khqy3!19sChIJWQl5IQClVDcRI88E6OMKC64?authuser=0&hl=bn&rclk=1
25,রাজমহল রেস্তোরা,https://www.google.com/maps/place/%E0%A6%B0%E0%A6%BE%E0%A6%9C%E0%A6%AE%E0%A6%B9%E0%A6%B2+%E0%A6%B0%E0%A7%87%E0%A6%B8%E0%A7%8D%E0%A6%A4%E0%A7%8B%E0%A6%B0%E0%A6%BE/data=!4m7!3m6!1s0x3754a4f87e958aa1:0x6254db9e433aceb3!8m2!3d22.8637!4d91.0966879!16s%2Fg%2F11ckvg4v3p!19sChIJoYqVfvikVDcRs846Q57bVGI?authuser=0&hl=bn&rclk=1
26,মোঘল দরবার রেস্টুরেন্ট,https://www.google.com/maps/place/%E0%A6%AE%E0%A7%8B%E0%A6%98%E0%A6%B2+%E0%A6%A6%E0%A6%B0%E0%A6%AC%E0%A6%BE%E0%A6%B0+%E0%A6%B0%E0%A7%87%E0%A6%B8%E0%A7%8D%E0%A6%9F%E0%A7%81%E0%A6%B0%E0%A7%87%E0%A6%A8%E0%A7%8D%E0%A6%9F/data=!4m7!3m6!1s0x3754a5befe84176d:0x82292a9575da8825!8m2!3d22.8696615!4d91.0967268!16s%2Fg%2F11kk7w677z!19sChIJbReE_r6lVDcRJYjadZUqKYI?authuser=0&hl=bn&rclk=1
27,Sultan vai restaurant,https://www.google.com/maps/place/Sultan+vai+restaurant/data=!4m7!3m6!1s0x3754a5003d034ddb:0x2a96073394082eb!8m2!3d22.8688981!4d91.0966922!16s%2Fg%2F11y9cyb186!19sChIJ200DPQClVDcR64JAOXNgqQI?authuser=0&hl=bn&rclk=1
28,শাহেলাস কিচেন,https://www.google.com/maps/place/%E0%A6%B6%E0%A6%BE%E0%A6%B9%E0%A7%87%E0%A6%B2%E0%A6%BE%E0%A6%B8+%E0%A6%95%E0%A6%BF%E0%A6%9A%E0%A7%87%E0%A6%A8/data=!4m7!3m6!1s0x3754a55abbcac0ad:0x49715f07131fb53!8m2!3d22.8814866!4d91.1011149!16s%2Fg%2F11jcv_b6ky!19sChIJrcDKu1qlVDcRU_sxcfAVlwQ?authuser=0&hl=bn&rclk=1
29,মমজ কিচেন,https://www.google.com/maps/place/%E0%A6%AE%E0%A6%AE%E0%A6%9C+%E0%A6%95%E0%A6%BF%E0%A6%9A%E0%A7%87%E0%A6%A8/data=!4m7!3m6!1s0x3754a59e049adeff:0x6c51ff29b79ecde9!8m2!3d22.8879357!4d91.0963739!16s%2Fg%2F11fvgnzcd2!19sChIJ_96aBJ6lVDcR6c2etyn_UWw?authuser=0&hl=bn&rclk=1
30,রহমানিয়া হোটেল এন্ড সুইটস,https://www.google.com/maps/place/%E0%A6%B0%E0%A6%B9%E0%A6%AE%E0%A6%BE%E0%A6%A8%E0%A6%BF%E0%A7%9F%E0%A6%BE+%E0%A6%B9%E0%A7%8B%E0%A6%9F%E0%A7%87%E0%A6%B2+%E0%A6%8F%E0%A6%A8%E0%A7%8D%E0%A6%A1+%E0%A6%B8%E0%A7%81%E0%A6%87%E0%A6%9F%E0%A6%B8/data=!4m7!3m6!1s0x3754a5a511df8913:0xf3f52dcb58b4354d!8m2!3d22.8671537!4d91.0967917!16s%2Fg%2F11t1zysd0q!19sChIJE4nfEaWlVDcRTTW0WMst9fM?authuser=0&hl=bn&rclk=1
31,ক্রিসেন্ট চায়নিজ রেঁস্তোরা,https://www.google.com/maps/place/%E0%A6%95%E0%A7%8D%E0%A6%B0%E0%A6%BF%E0%A6%B8%E0%A7%87%E0%A6%A8%E0%A7%8D%E0%A6%9F+%E0%A6%9A%E0%A6%BE%E0%A7%9F%E0%A6%A8%E0%A6%BF%E0%A6%9C+%E0%A6%B0%E0%A7%87%E0%A6%81%E0%A6%B8%E0%A7%8D%E0%A6%A4%E0%A7%8B%E0%A6%B0%E0%A6%BE/data=!4m7!3m6!1s0x3754a459de7176ab:0x1408bb2d5213f955!8m2!3d22.8666801!4d91.1004562!16s%2Fg%2F1hf9321tn!19sChIJq3Zx3lmkVDcRVfkTUi27CBQ?authuser=0&hl=bn&rclk=1
32,মোজাম্মেল স্টোর,https://www.google.com/maps/place/%E0%A6%AE%E0%A7%8B%E0%A6%9C%E0%A6%BE%E0%A6%AE%E0%A7%8D%E0%A6%AE%E0%A7%87%E0%A6%B2+%E0%A6%B8%E0%A7%8D%E0%A6%9F%E0%A7%8B%E0%A6%B0/data=!4m7!3m6!1s0x3754a5fffd6fd19f:0xab123ca2eb0d386c!8m2!3d22.8805671!4d91.0951028!16s%2Fg%2F11qm3dp9b1!19sChIJn9Fv_f-lVDcRbDgN66I8Eqs?authuser=0&hl=bn&rclk=1
33,ফুড ফিয়েস্তা,https://www.google.com/maps/place/%E0%A6%AB%E0%A7%81%E0%A6%A1+%E0%A6%AB%E0%A6%BF%E0%A6%AF%E0%A6%BC%E0%A7%87%E0%A6%B8%E0%A7%8D%E0%A6%A4%E0%A6%BE/data=!4m7!3m6!1s0x3754a458876abcad:0xf20724307aa21ce!8m2!3d22.8697414!4d91.0974044!16s%2Fg%2F11fx91lpmj!19sChIJrbxqh1ikVDcRziGqB0NyIA8?authuser=0&hl=bn&rclk=1
34,সোলেমান হোটেল,https://www.google.com/maps/place/%E0%A6%B8%E0%A7%8B%E0%A6%B2%E0%A7%87%E0%A6%AE%E0%A6%BE%E0%A6%A8+%E0%A6%B9%E0%A7%8B%E0%A6%9F%E0%A7%87%E0%A6%B2/data=!4m7!3m6!1s0x3754a52daff82bc7:0x351c973dd7046c47!8m2!3d22.8811666!4d91.0995623!16s%2Fg%2F11tj6swxj9!19sChIJxyv4ry2lVDcRR2wE1z2XHDU?authuser=0&hl=bn&rclk=1
35,টোকিও ফুড,https://www.google.com/maps/place/%E0%A6%9F%E0%A7%8B%E0%A6%95%E0%A6%BF%E0%A6%93+%E0%A6%AB%E0%A7%81%E0%A6%A1/data=!4m7!3m6!1s0x3754a5899f52784f:0x26fc47ac4e03d61a!8m2!3d22.8698991!4d91.0967276!16s%2Fg%2F11h_2r5rm6!19sChIJT3hSn4mlVDcRGtYDTqxH_CY?authuser=0&hl=bn&rclk=1
36,স্পাইস ক্যাফে,https://www.google.com/maps/place/%E0%A6%B8%E0%A7%8D%E0%A6%AA%E0%A6%BE%E0%A6%87%E0%A6%B8+%E0%A6%95%E0%A7%8D%E0%A6%AF%E0%A6%BE%E0%A6%AB%E0%A7%87/data=!4m7!3m6!1s0x3754a5f0c54f21e9:0x730bea36c77c8335!8m2!3d22.8766725!4d91.1037897!16s%2Fg%2F11rn04sq_p!19sChIJ6SFPxfClVDcRNYN8xzbqC3M?authuser=0&hl=bn&rclk=1
37,Street Wood,https://www.google.com/maps/place/Street+Wood/data=!4m7!3m6!1s0x3754a5000c5b0d3f:0x7da5bbec31fc7ca7!8m2!3d22.8692368!4d91.1003791!16s%2Fg%2F11wp9jchbr!19sChIJPw1bDAClVDcRp3z8Mey7pX0?authuser=0&hl=bn&rclk=1
38,কাচ্ছি ডাইন - মাইজদী,https://www.google.com/maps/place/%E0%A6%95%E0%A6%BE%E0%A6%9A%E0%A7%8D%E0%A6%9B%E0%A6%BF+%E0%A6%A1%E0%A6%BE%E0%A6%87%E0%A6%A8+-+%E0%A6%AE%E0%A6%BE%E0%A6%87%E0%A6%9C%E0%A6%A6%E0%A7%80/data=!4m7!3m6!1s0x3754a50001723337:0xdf8897133239ad5c!8m2!3d22.8666686!4d91.0967719!16s%2Fg%2F11y3dnpjb_!19sChIJNzNyAQClVDcRXK05MhOXiN8?authuser=0&hl=bn&rclk=1
39,ঢাকা বিরিয়ানি হাউজ,https://www.google.com/maps/place/%E0%A6%A2%E0%A6%BE%E0%A6%95%E0%A6%BE+%E0%A6%AC%E0%A6%BF%E0%A6%B0%E0%A6%BF%E0%A6%AF%E0%A6%BC%E0%A6%BE%E0%A6%A8%E0%A6%BF+%E0%A6%B9%E0%A6%BE%E0%A6%89%E0%A6%9C/data=!4m7!3m6!1s0x3754a55af86e808d:0x45b9f4794d78160a!8m2!3d22.8720517!4d91.0897782!16s%2Fg%2F11j8_hmxb2!19sChIJjYBu-FqlVDcRChZ4TXn0uUU?authuser=0&hl=bn&rclk=1
40,Friends Food,https://www.google.com/maps/place/Friends+Food/data=!4m7!3m6!1s0x3754a5006151940d:0x70e2d57c3411f8a1!8m2!3d22.8816118!4d91.0980283!16s%2Fg%2F11wnbkmfxv!19sChIJDZRRYQClVDcRofgRNHzV4nA?authuser=0&hl=bn&rclk=1
41,Food Valley Restaurant,https://www.google.com/maps/place/Food+Valley+Restaurant/data=!4m7!3m6!1s0x3754a5001a4bab5b:0xde035e85e00a3595!8m2!3d22.8867449!4d91.0864226!16s%2Fg%2F11wqhf0z03!19sChIJW6tLGgClVDcRlTUK4IVeA94?authuser=0&hl=bn&rclk=1
42,মোহাম্মদীয়া হোটেল এন্ড রেস্টুরেন্ট,https://www.google.com/maps/place/%E0%A6%AE%E0%A7%8B%E0%A6%B9%E0%A6%BE%E0%A6%AE%E0%A7%8D%E0%A6%AE%E0%A6%A6%E0%A7%80%E0%A7%9F%E0%A6%BE+%E0%A6%B9%E0%A7%8B%E0%A6%9F%E0%A7%87%E0%A6%B2+%E0%A6%8F%E0%A6%A8%E0%A7%8D%E0%A6%A1+%E0%A6%B0%E0%A7%87%E0%A6%B8%E0%A7%8D%E0%A6%9F%E0%A7%81%E0%A6%B0%E0%A7%87%E0%A6%A8%E0%A7%8D%E0%A6%9F/data=!4m7!3m6!1s0x3754a500479c2c91:0xc0fd95eb992fbdd0!8m2!3d22.8692701!4d91.0967094!16s%2Fg%2F11xfpgqzj_!19sChIJkSycRwClVDcR0L0vmeuV_cA?authuser=0&hl=bn&rclk=1
43,"চাপ ঘর-চাপঘর, নোয়াখালী","https://www.google.com/maps/place/%E0%A6%9A%E0%A6%BE%E0%A6%AA+%E0%A6%98%E0%A6%B0-%E0%A6%9A%E0%A6%BE%E0%A6%AA%E0%A6%98%E0%A6%B0,+%E0%A6%A8%E0%A7%8B%E0%A6%AF%E0%A6%BC%E0%A6%BE%E0%A6%96%E0%A6%BE%E0%A6%B2%E0%A7%80/data=!4m7!3m6!1s0x3754a53fc466ce7d:0xbf044e2e90b689aa!8m2!3d22.8692268!4d91.0979227!16s%2Fg%2F11hdcr44w6!19sChIJfc5mxD-lVDcRqom2kC5OBL8?authuser=0&hl=bn&rclk=1"
44,Dish & Dine- ডিশ এন্ড ডাইন,https://www.google.com/maps/place/Dish+%26+Dine-+%E0%A6%A1%E0%A6%BF%E0%A6%B6+%E0%A6%8F%E0%A6%A8%E0%A7%8D%E0%A6%A1+%E0%A6%A1%E0%A6%BE%E0%A6%87%E0%A6%A8/data=!4m7!3m6!1s0x3754a50035afb60b:0xac5f41a5c0de4524!8m2!3d22.8689892!4d91.0980465!16s%2Fg%2F11x92gjcxg!19sChIJC7avNQClVDcRJEXewKVBX6w?authuser=0&hl=bn&rclk=1
45,বার্গার স্টেশন,https://www.google.com/maps/place/%E0%A6%AC%E0%A6%BE%E0%A6%B0%E0%A7%8D%E0%A6%97%E0%A6%BE%E0%A6%B0+%E0%A6%B8%E0%A7%8D%E0%A6%9F%E0%A7%87%E0%A6%B6%E0%A6%A8/data=!4m7!3m6!1s0x3754a500739a36e5:0x74e434b2db587214!8m2!3d22.866646!4d91.0971723!16s%2Fg%2F11y659c_yn!19sChIJ5TaacwClVDcRFHJY27I05HQ?authuser=0&hl=bn&rclk=1
46,চিজেবেলি,https://www.google.com/maps/place/%E0%A6%9A%E0%A6%BF%E0%A6%9C%E0%A7%87%E0%A6%AC%E0%A7%87%E0%A6%B2%E0%A6%BF/data=!4m7!3m6!1s0x3754a564a86b4063:0xd6d3467371086ccb!8m2!3d22.869453!4d91.0973925!16s%2Fg%2F11f8j02rrg!19sChIJY0BrqGSlVDcRy2wIcXNG09Y?authuser=0&hl=bn&rclk=1
47,জোশিম খান,https://www.google.com/maps/place/%E0%A6%9C%E0%A7%8B%E0%A6%B6%E0%A6%BF%E0%A6%AE+%E0%A6%96%E0%A6%BE%E0%A6%A8/data=!4m7!3m6!1s0x3754a5580c661f8f:0xfb1436e2c73f8293!8m2!3d22.8931875!4d91.0981875!16s%2Fg%2F11kyn4cptk!19sChIJjx9mDFilVDcRk4I_x-I2FPs?authuser=0&hl=bn&rclk=1
48,সল্টি মাল্টি কিসীনে রেস্টুরেন্ট,https://www.google.com/maps/place/%E0%A6%B8%E0%A6%B2%E0%A7%8D%E0%A6%9F%E0%A6%BF+%E0%A6%AE%E0%A6%BE%E0%A6%B2%E0%A7%8D%E0%A6%9F%E0%A6%BF+%E0%A6%95%E0%A6%BF%E0%A6%B8%E0%A7%80%E0%A6%A8%E0%A7%87+%E0%A6%B0%E0%A7%87%E0%A6%B8%E0%A7%8D%E0%A6%9F%E0%A7%81%E0%A6%B0%E0%A7%87%E0%A6%A8%E0%A7%8D%E0%A6%9F/data=!4m7!3m6!1s0x3754a560ceea2c9d:0x6f92cd1bed5f14df!8m2!3d22.8695419!4d91.0977702!16s%2Fg%2F11t3v2rthz!19sChIJnSzqzmClVDcR3xRf7RvNkm8?authuser=0&hl=bn&rclk=1
49,Mithai,https://www.google.com/maps/place/Mithai/data=!4m7!3m6!1s0x3754a5000a01faef:0xfb3714df7ac7fac6!8m2!3d22.8796868!4d91.0967761!16s%2Fg%2F11x1yp0mr5!19sChIJ7_oBCgClVDcRxvrHet8UN_s?authuser=0&hl=bn&rclk=1
50,স্কাই ভিউ রেস্টুরেন্ট,https://www.google.com/maps/place/%E0%A6%B8%E0%A7%8D%E0%A6%95%E0%A6%BE%E0%A6%87+%E0%A6%AD%E0%A6%BF%E0%A6%89+%E0%A6%B0%E0%A7%87%E0%A6%B8%E0%A7%8D%E0%A6%9F%E0%A7%81%E0%A6%B0%E0%A7%87%E0%A6%A8%E0%A7%8D%E0%A6%9F/data=!4m7!3m6!1s0x3754a4f80a10987f:0x443dab8b54083a67!8m2!3d22.8650533!4d91.0968472!16s%2Fg%2F11f327kbrk!19sChIJf5gQCvikVDcRZzoIVIurPUQ?authuser=0&hl=bn&rclk=1
51,গ্লোরি চাইনিজ রেস্টুরেন্ট,https://www.google.com/maps/place/%E0%A6%97%E0%A7%8D%E0%A6%B2%E0%A7%8B%E0%A6%B0%E0%A6%BF+%E0%A6%9A%E0%A6%BE%E0%A6%87%E0%A6%A8%E0%A6%BF%E0%A6%9C+%E0%A6%B0%E0%A7%87%E0%A6%B8%E0%A7%8D%E0%A6%9F%E0%A7%81%E0%A6%B0%E0%A7%87%E0%A6%A8%E0%A7%8D%E0%A6%9F/data=!4m7!3m6!1s0x3754a5772176fda5:0x5c6b5da114c1fab8!8m2!3d22.8850998!4d91.0971477!16s%2Fg%2F11s2b0rnkg!19sChIJpf12IXelVDcRuPrBFKFda1w?authuser=0&hl=bn&rclk=1
52,ব্যাক বেঞ্চার্স,https://www.google.com/maps/place/%E0%A6%AC%E0%A7%8D%E0%A6%AF%E0%A6%BE%E0%A6%95+%E0%A6%AC%E0%A7%87%E0%A6%9E%E0%A7%8D%E0%A6%9A%E0%A6%BE%E0%A6%B0%E0%A7%8D%E0%A6%B8/data=!4m7!3m6!1s0x3754a5e10151138f:0x6c26f51a1448b0b6!8m2!3d22.869144!4d91.0978952!16s%2Fg%2F11h1z2qw0m!19sChIJjxNRAeGlVDcRtrBIFBr1Jmw?authuser=0&hl=bn&rclk=1
53,ভাই ভাই হোটেল অ্যান্ড রেস্টুরেন্ট,https://www.google.com/maps/place/%E0%A6%AD%E0%A6%BE%E0%A6%87+%E0%A6%AD%E0%A6%BE%E0%A6%87+%E0%A6%B9%E0%A7%8B%E0%A6%9F%E0%A7%87%E0%A6%B2+%E0%A6%85%E0%A7%8D%E0%A6%AF%E0%A6%BE%E0%A6%A8%E0%A7%8D%E0%A6%A1+%E0%A6%B0%E0%A7%87%E0%A6%B8%E0%A7%8D%E0%A6%9F%E0%A7%81%E0%A6%B0%E0%A7%87%E0%A6%A8%E0%A7%8D%E0%A6%9F/data=!4m7!3m6!1s0x3754a5d07cb33215:0x2ee87cf598ffe7b0!8m2!3d22.8695459!4d91.0974399!16s%2Fg%2F11s189lzj6!19sChIJFTKzfNClVDcRsOf_mPV86C4?authuser=0&hl=bn&rclk=1
54,নিউ মোহাম্মদিয়া হোটেল এন্ড রেস্টুরেন্ট,https://www.google.com/maps/place/%E0%A6%A8%E0%A6%BF%E0%A6%89+%E0%A6%AE%E0%A7%8B%E0%A6%B9%E0%A6%BE%E0%A6%AE%E0%A7%8D%E0%A6%AE%E0%A6%A6%E0%A6%BF%E0%A6%AF%E0%A6%BC%E0%A6%BE+%E0%A6%B9%E0%A7%8B%E0%A6%9F%E0%A7%87%E0%A6%B2+%E0%A6%8F%E0%A6%A8%E0%A7%8D%E0%A6%A1+%E0%A6%B0%E0%A7%87%E0%A6%B8%E0%A7%8D%E0%A6%9F%E0%A7%81%E0%A6%B0%E0%A7%87%E0%A6%A8%E0%A7%8D%E0%A6%9F/data=!4m7!3m6!1s0x3754a5a61cbce71f:0x6a365ad4dac90b22!8m2!3d22.8829567!4d91.0969251!16s%2Fg%2F11k4wxp0tp!19sChIJH-e8HKalVDcRIgvJ2tRaNmo?authuser=0&hl=bn&rclk=1
55,প্রীতম কনফেকশনারি,https://www.google.com/maps/place/%E0%A6%AA%E0%A7%8D%E0%A6%B0%E0%A7%80%E0%A6%A4%E0%A6%AE+%E0%A6%95%E0%A6%A8%E0%A6%AB%E0%A7%87%E0%A6%95%E0%A6%B6%E0%A6%A8%E0%A6%BE%E0%A6%B0%E0%A6%BF/data=!4m7!3m6!1s0x3754a5e6edc185ef:0x8ee291600d3e81bd!8m2!3d22.8788094!4d91.0970748!16s%2Fg%2F11n81ygrdd!19sChIJ74XB7ealVDcRvYE-DWCR4o4?authuser=0&hl=bn&rclk=1
56,Nabab Rooftop Chinese | Convention & Guest Room,https://www.google.com/maps/place/Nabab+Rooftop+Chinese+%7C+Convention+%26+Guest+Room/data=!4m7!3m6!1s0x3754a50008062211:0xe2f63bac614c9326!8m2!3d22.8778293!4d91.0966185!16s%2Fg%2F11wx6ycyyc!19sChIJESIGCAClVDcRJpNMYaw79uI?authuser=0&hl=bn&rclk=1
57,এহানাস কিচেন,https://www.google.com/maps/place/%E0%A6%8F%E0%A6%B9%E0%A6%BE%E0%A6%A8%E0%A6%BE%E0%A6%B8+%E0%A6%95%E0%A6%BF%E0%A6%9A%E0%A7%87%E0%A6%A8/data=!4m7!3m6!1s0x3754a583f568d0f9:0xdcb46452f28c59ef!8m2!3d22.8890393!4d91.1001037!16s%2Fg%2F11jv916s6x!19sChIJ-dBo9YOlVDcR71mM8lJktNw?authuser=0&hl=bn&rclk=1
58,বিসমিল্লাহ হোটেল এন্ড ভাত ঘর,https://www.google.com/maps/place/%E0%A6%AC%E0%A6%BF%E0%A6%B8%E0%A6%AE%E0%A6%BF%E0%A6%B2%E0%A7%8D%E0%A6%B2%E0%A6%BE%E0%A6%B9+%E0%A6%B9%E0%A7%8B%E0%A6%9F%E0%A7%87%E0%A6%B2+%E0%A6%8F%E0%A6%A8%E0%A7%8D%E0%A6%A1+%E0%A6%AD%E0%A6%BE%E0%A6%A4+%E0%A6%98%E0%A6%B0/data=!4m7!3m6!1s0x3754a50030d5ae73:0x48c0263594330ca7!8m2!3d22.8689444!4d91.0978908!16s%2Fg%2F11vk6_wyyv!19sChIJc67VMAClVDcRpwwzlDUmwEg?authuser=0&hl=bn&rclk=1
59,ফুড পয়েন্ট,https://www.google.com/maps/place/%E0%A6%AB%E0%A7%81%E0%A6%A1+%E0%A6%AA%E0%A6%AF%E0%A6%BC%E0%A7%87%E0%A6%A8%E0%A7%8D%E0%A6%9F/data=!4m7!3m6!1s0x3754a4f144af77e5:0x158b83e07aca550c!8m2!3d22.8716364!4d91.0912856!16s%2Fg%2F1tdlfn8k!19sChIJ5XevRPGkVDcRDFXKeuCDixU?authuser=0&hl=bn&rclk=1
60,আল-মদিনা হোটেল এন্ড রেস্টুরেন্ট,https://www.google.com/maps/place/%E0%A6%86%E0%A6%B2-%E0%A6%AE%E0%A6%A6%E0%A6%BF%E0%A6%A8%E0%A6%BE+%E0%A6%B9%E0%A7%8B%E0%A6%9F%E0%A7%87%E0%A6%B2+%E0%A6%8F%E0%A6%A8%E0%A7%8D%E0%A6%A1+%E0%A6%B0%E0%A7%87%E0%A6%B8%E0%A7%8D%E0%A6%9F%E0%A7%81%E0%A6%B0%E0%A7%87%E0%A6%A8%E0%A7%8D%E0%A6%9F/data=!4m7!3m6!1s0x3754a461e4eabac7:0x5fcfa2e38b46a2e8!8m2!3d22.8834108!4d91.0973634!16s%2Fg%2F11bx0h7ly2!19sChIJx7rq5GGkVDcR6KJGi-Oiz18?authuser=0&hl=bn&rclk=1
61,ফুডস টেরিটোরি,https://www.google.com/maps/place/%E0%A6%AB%E0%A7%81%E0%A6%A1%E0%A6%B8+%E0%A6%9F%E0%A7%87%E0%A6%B0%E0%A6%BF%E0%A6%9F%E0%A7%8B%E0%A6%B0%E0%A6%BF/data=!4m7!3m6!1s0x3754a50152192011:0xd61d4c0e7a1f6053!8m2!3d22.874666!4d91.0970374!16s%2Fg%2F11khmhf2ww!19sChIJESAZUgGlVDcRU2Afeg5MHdY?authuser=0&hl=bn&rclk=1
62,সৌদিয়া রেস্তোরাঁ,https://www.google.com/maps/place/%E0%A6%B8%E0%A7%8C%E0%A6%A6%E0%A6%BF%E0%A7%9F%E0%A6%BE+%E0%A6%B0%E0%A7%87%E0%A6%B8%E0%A7%8D%E0%A6%A4%E0%A7%8B%E0%A6%B0%E0%A6%BE%E0%A6%81/data=!4m7!3m6!1s0x3754a4f629024ea1:0xd5cf3bc0e782724f!8m2!3d22.8698971!4d91.0967177!16s%2Fg%2F11f3d315d3!19sChIJoU4CKfakVDcRT3KC58A7z9U?authuser=0&hl=bn&rclk=1
63,কিং মাসাবি,https://www.google.com/maps/place/%E0%A6%95%E0%A6%BF%E0%A6%82+%E0%A6%AE%E0%A6%BE%E0%A6%B8%E0%A6%BE%E0%A6%AC%E0%A6%BF/data=!4m7!3m6!1s0x3754a55537e31f53:0xb8c85a2460e41034!8m2!3d22.8819828!4d91.0968025!16s%2Fg%2F11l5sv7lcb!19sChIJUx_jN1WlVDcRNBDkYCRayLg?authuser=0&hl=bn&rclk=1
64,হাজী বিরিয়ানী হাউজ,https://www.google.com/maps/place/%E0%A6%B9%E0%A6%BE%E0%A6%9C%E0%A7%80+%E0%A6%AC%E0%A6%BF%E0%A6%B0%E0%A6%BF%E0%A7%9F%E0%A6%BE%E0%A6%A8%E0%A7%80+%E0%A6%B9%E0%A6%BE%E0%A6%89%E0%A6%9C/data=!4m7!3m6!1s0x3754a458072cb1db:0x66575438e922aa13!8m2!3d22.8667457!4d91.0970557!16s%2Fg%2F11f3r1wmbp!19sChIJ27EsB1ikVDcRE6oi6ThUV2Y?authuser=0&hl=bn&rclk=1
65,নুর নবী হোটেল,https://www.google.com/maps/place/%E0%A6%A8%E0%A7%81%E0%A6%B0+%E0%A6%A8%E0%A6%AC%E0%A7%80+%E0%A6%B9%E0%A7%8B%E0%A6%9F%E0%A7%87%E0%A6%B2/data=!4m7!3m6!1s0x3754a53276672ee5:0x2d721c9e8ef078b6!8m2!3d22.8796294!4d91.0965553!16s%2Fg%2F11h7_lq4qk!19sChIJ5S5ndjKlVDcRtnjwjp4cci0?authuser=0&hl=bn&rclk=1
66,হাফিজ হোটেল,https://www.google.com/maps/place/%E0%A6%B9%E0%A6%BE%E0%A6%AB%E0%A6%BF%E0%A6%9C+%E0%A6%B9%E0%A7%8B%E0%A6%9F%E0%A7%87%E0%A6%B2/data=!4m7!3m6!1s0x3754a5c7df30e0e7:0xad9e521c766a22f2!8m2!3d22.8678809!4d91.106484!16s%2Fg%2F11fstzh1jb!19sChIJ5-Aw38elVDcR8iJqdhxSnq0?authuser=0&hl=bn&rclk=1
67,টেস্টি হুইলস,https://www.google.com/maps/place/%E0%A6%9F%E0%A7%87%E0%A6%B8%E0%A7%8D%E0%A6%9F%E0%A6%BF+%E0%A6%B9%E0%A7%81%E0%A6%87%E0%A6%B2%E0%A6%B8/data=!4m7!3m6!1s0x3754a571455c2e01:0x49e745131602a970!8m2!3d22.8832317!4d91.0993926!16s%2Fg%2F11fpg5_v5v!19sChIJAS5cRXGlVDcRcKkCFhNF50k?authuser=0&hl=bn&rclk=1
68,হাজী বিরিয়ানী,https://www.google.com/maps/place/%E0%A6%B9%E0%A6%BE%E0%A6%9C%E0%A7%80+%E0%A6%AC%E0%A6%BF%E0%A6%B0%E0%A6%BF%E0%A7%9F%E0%A6%BE%E0%A6%A8%E0%A7%80/data=!4m7!3m6!1s0x3754a461e41e50d9:0x7fd3d96e18548706!8m2!3d22.8831349!4d91.0973034!16s%2Fg%2F11f3r250f5!19sChIJ2VAe5GGkVDcRBodUGG7Z038?authuser=0&hl=bn&rclk=1
69,আসিক হোটেল &রেস্টুরেন্ট,https://www.google.com/maps/place/%E0%A6%86%E0%A6%B8%E0%A6%BF%E0%A6%95+%E0%A6%B9%E0%A7%8B%E0%A6%9F%E0%A7%87%E0%A6%B2+%26%E0%A6%B0%E0%A7%87%E0%A6%B8%E0%A7%8D%E0%A6%9F%E0%A7%81%E0%A6%B0%E0%A7%87%E0%A6%A8%E0%A7%8D%E0%A6%9F/data=!4m7!3m6!1s0x3754a5f7e7600b47:0xa31d5140fd8c7810!8m2!3d22.8714017!4d91.0914069!16s%2Fg%2F11r9f6q44k!19sChIJRwtg5_elVDcREHiM_UBRHaM?authuser=0&hl=bn&rclk=1
70,মেজবান বাড়ি রেস্টুরেন্ট,https://www.google.com/maps/place/%E0%A6%AE%E0%A7%87%E0%A6%9C%E0%A6%AC%E0%A6%BE%E0%A6%A8+%E0%A6%AC%E0%A6%BE%E0%A6%A1%E0%A6%BC%E0%A6%BF+%E0%A6%B0%E0%A7%87%E0%A6%B8%E0%A7%8D%E0%A6%9F%E0%A7%81%E0%A6%B0%E0%A7%87%E0%A6%A8%E0%A7%8D%E0%A6%9F/data=!4m7!3m6!1s0x3754a517d7479db7:0xe5cd0e6ccff90e8a!8m2!3d22.8718892!4d91.0903277!16s%2Fg%2F11thkb_kfg!19sChIJt51H1xelVDcRig75z2wOzeU?authuser=0&hl=bn&rclk=1
71,ABRAR SUSHI HOUSE,https://www.google.com/maps/place/ABRAR+SUSHI+HOUSE/data=!4m7!3m6!1s0x3754a5007d167ecf:0x9f7df55e79437795!8m2!3d22.8833187!4d91.0961911!16s%2Fg%2F11x6x23qvx!19sChIJz34WfQClVDcRlXdDeV71fZ8?authuser=0&hl=bn&rclk=1
72,জগন্নাথ ভোজনালয়,https://www.google.com/maps/place/%E0%A6%9C%E0%A6%97%E0%A6%A8%E0%A7%8D%E0%A6%A8%E0%A6%BE%E0%A6%A5+%E0%A6%AD%E0%A7%8B%E0%A6%9C%E0%A6%A8%E0%A6%BE%E0%A6%B2%E0%A6%AF%E0%A6%BC/data=!4m7!3m6!1s0x3754a594808dc881:0x3cd90c49f4ab1858!8m2!3d22.8827629!4d91.0972835!16s%2Fg%2F11l5tcs8vz!19sChIJgciNgJSlVDcRWBir9EkM2Tw?authuser=0&hl=bn&rclk=1
73,পপি হোটেল & রেস্টুরেন্ট,https://www.google.com/maps/place/%E0%A6%AA%E0%A6%AA%E0%A6%BF+%E0%A6%B9%E0%A7%8B%E0%A6%9F%E0%A7%87%E0%A6%B2+%26+%E0%A6%B0%E0%A7%87%E0%A6%B8%E0%A7%8D%E0%A6%9F%E0%A7%81%E0%A6%B0%E0%A7%87%E0%A6%A8%E0%A7%8D%E0%A6%9F/data=!4m7!3m6!1s0x3754a4f18e916f83:0xc61109ceb4df165c!8m2!3d22.8719697!4d91.0889172!16s%2Fg%2F11g9dcw2d3!19sChIJg2-RjvGkVDcRXBbftM4JEcY?authuser=0&hl=bn&rclk=1
74,টোকিও কবাব,https://www.google.com/maps/place/%E0%A6%9F%E0%A7%8B%E0%A6%95%E0%A6%BF%E0%A6%93+%E0%A6%95%E0%A6%AC%E0%A6%BE%E0%A6%AC/data=!4m7!3m6!1s0x3754a5768fb2b72b:0x33e3ab6f7f8f9661!8m2!3d22.8699938!4d91.0967298!16s%2Fg%2F11fjt_dgh7!19sChIJK7eyj3alVDcRYZaPf2-r4zM?authuser=0&hl=bn&rclk=1
75,রেস্টুরেন্ট ইন নোয়াখালী,https://www.google.com/maps/place/%E0%A6%B0%E0%A7%87%E0%A6%B8%E0%A7%8D%E0%A6%9F%E0%A7%81%E0%A6%B0%E0%A7%87%E0%A6%A8%E0%A7%8D%E0%A6%9F+%E0%A6%87%E0%A6%A8+%E0%A6%A8%E0%A7%8B%E0%A6%AF%E0%A6%BC%E0%A6%BE%E0%A6%96%E0%A6%BE%E0%A6%B2%E0%A7%80/data=!4m7!3m6!1s0x3754a52151c1877b:0x5d39c0d2bf692939!8m2!3d22.8388886!4d91.1346811!16s%2Fg%2F11vlv2kpfs!19sChIJe4fBUSGlVDcROSlpv9LAOV0?authuser=0&hl=bn&rclk=1
76,নোয়াখানা,https://www.google.com/maps/place/%E0%A6%A8%E0%A7%8B%E0%A6%AF%E0%A6%BC%E0%A6%BE%E0%A6%96%E0%A6%BE%E0%A6%A8%E0%A6%BE/data=!4m7!3m6!1s0x3754a519e37adb5b:0xa54295ca0d5f9320!8m2!3d22.8745948!4d91.0967958!16s%2Fg%2F11txjl9ysf!19sChIJW9t64xmlVDcRIJNfDcqVQqU?authuser=0&hl=bn&rclk=1
77,সুপার মোহাম্মদীয়া হোটেল এন্ড রেষ্টুরেন্ট,https://www.google.com/maps/place/%E0%A6%B8%E0%A7%81%E0%A6%AA%E0%A6%BE%E0%A6%B0+%E0%A6%AE%E0%A7%8B%E0%A6%B9%E0%A6%BE%E0%A6%AE%E0%A7%8D%E0%A6%AE%E0%A6%A6%E0%A7%80%E0%A7%9F%E0%A6%BE+%E0%A6%B9%E0%A7%8B%E0%A6%9F%E0%A7%87%E0%A6%B2+%E0%A6%8F%E0%A6%A8%E0%A7%8D%E0%A6%A1+%E0%A6%B0%E0%A7%87%E0%A6%B7%E0%A7%8D%E0%A6%9F%E0%A7%81%E0%A6%B0%E0%A7%87%E0%A6%A8%E0%A7%8D%E0%A6%9F/data=!4m7!3m6!1s0x3754a4f806da6c8f:0x14ee4d6e8696b9e!8m2!3d22.8656308!4d91.0971114!16s%2Fg%2F11gf1gk153!19sChIJj2zaBvikVDcRnmtp6NbkTgE?authuser=0&hl=bn&rclk=1
78,Holy Food,https://www.google.com/maps/place/Holy+Food/data=!4m7!3m6!1s0x3754a457e31b3875:0x46f89b433e7879bd!8m2!3d22.8655495!4d91.0971127!16s%2Fg%2F11g9c_s4xs!19sChIJdTgb41ekVDcRvXl4PkOb-EY?authuser=0&hl=bn&rclk=1
79,Amania Level-2,https://www.google.com/maps/place/Amania+Level-2/data=!4m7!3m6!1s0x3754a5004fa452ad:0x5b7bbf75e5fcad18!8m2!3d22.8702874!4d91.0966954!16s%2Fg%2F11xkr2w1h5!19sChIJrVKkTwClVDcRGK385XW_e1s?authuser=0&hl=bn&rclk=1
80,দারুচিনি চাইনিজ & পিৎজা হাউস,https://www.google.com/maps/place/%E0%A6%A6%E0%A6%BE%E0%A6%B0%E0%A7%81%E0%A6%9A%E0%A6%BF%E0%A6%A8%E0%A6%BF+%E0%A6%9A%E0%A6%BE%E0%A6%87%E0%A6%A8%E0%A6%BF%E0%A6%9C+%26+%E0%A6%AA%E0%A6%BF%E0%A7%8E%E0%A6%9C%E0%A6%BE+%E0%A6%B9%E0%A6%BE%E0%A6%89%E0%A6%B8/data=!4m7!3m6!1s0x3754a459e33e4ef1:0x96edb1b977902b0b!8m2!3d22.8666582!4d91.1008004!16s%2Fg%2F11dylv6zwf!19sChIJ8U4-41mkVDcRCyuQd7mx7ZY?authuser=0&hl=bn&rclk=1
81,দোস্তি হোটেল এন্ড রেষ্টুরেন্ট,https://www.google.com/maps/place/%E0%A6%A6%E0%A7%8B%E0%A6%B8%E0%A7%8D%E0%A6%A4%E0%A6%BF+%E0%A6%B9%E0%A7%8B%E0%A6%9F%E0%A7%87%E0%A6%B2+%E0%A6%8F%E0%A6%A8%E0%A7%8D%E0%A6%A1+%E0%A6%B0%E0%A7%87%E0%A6%B7%E0%A7%8D%E0%A6%9F%E0%A7%81%E0%A6%B0%E0%A7%87%E0%A6%A8%E0%A7%8D%E0%A6%9F/data=!4m7!3m6!1s0x3754a5e0577b5ae3:0x5a7806a653a0d42!8m2!3d22.8693735!4d91.0977736!16s%2Fg%2F11rd23m4jy!19sChIJ41p7V-ClVDcRQg06ZWqApwU?authuser=0&hl=bn&rclk=1
82,মেহরান ডাইন,https://www.google.com/maps/place/%E0%A6%AE%E0%A7%87%E0%A6%B9%E0%A6%B0%E0%A6%BE%E0%A6%A8+%E0%A6%A1%E0%A6%BE%E0%A6%87%E0%A6%A8/data=!4m7!3m6!1s0x3754a5b0b9ed93e7:0xf0589fc55ab7aebd!8m2!3d22.8603561!4d91.0963006!16s%2Fg%2F11rxmycg5v!19sChIJ55PtubClVDcRva63WsWfWPA?authuser=0&hl=bn&rclk=1
83,কলাপাতা রেস্টুরেন্ট,https://www.google.com/maps/place/%E0%A6%95%E0%A6%B2%E0%A6%BE%E0%A6%AA%E0%A6%BE%E0%A6%A4%E0%A6%BE+%E0%A6%B0%E0%A7%87%E0%A6%B8%E0%A7%8D%E0%A6%9F%E0%A7%81%E0%A6%B0%E0%A7%87%E0%A6%A8%E0%A7%8D%E0%A6%9F/data=!4m7!3m6!1s0x3754a306ad5fd931:0x9d28d88b04c154d5!8m2!3d22.9464007!4d91.120814!16s%2Fg%2F11hz1f_fh7!19sChIJMdlfrQajVDcR1VTBBIvYKJ0?authuser=0&hl=bn&rclk=1
84,BELCONi - বেলকনি,https://www.google.com/maps/place/BELCONi+-+%E0%A6%AC%E0%A7%87%E0%A6%B2%E0%A6%95%E0%A6%A8%E0%A6%BF/data=!4m7!3m6!1s0x3754a5a6c71b3631:0x2af5bcdb9a8fcb24!8m2!3d22.869482!4d91.0975123!16s%2Fg%2F11fjx_dnk9!19sChIJMTYbx6alVDcRJMuPmtu89So?authuser=0&hl=bn&rclk=1
85,ক্যাফে মান্নাত,https://www.google.com/maps/place/%E0%A6%95%E0%A7%8D%E0%A6%AF%E0%A6%BE%E0%A6%AB%E0%A7%87+%E0%A6%AE%E0%A6%BE%E0%A6%A8%E0%A7%8D%E0%A6%A8%E0%A6%BE%E0%A6%A4/data=!4m7!3m6!1s0x3754a58d19e3c81f:0x168bb7d2894a0aed!8m2!3d22.8717534!4d91.0899291!16s%2Fg%2F11v41ddlc9!19sChIJH8jjGY2lVDcR7QpKidK3ixY?authuser=0&hl=bn&rclk=1
86,হোলি দিনে,https://www.google.com/maps/place/%E0%A6%B9%E0%A7%8B%E0%A6%B2%E0%A6%BF+%E0%A6%A6%E0%A6%BF%E0%A6%A8%E0%A7%87/data=!4m7!3m6!1s0x3754a5c70d3d5dc7:0x9bf3edf6e3ff7d68!8m2!3d22.8647542!4d91.0968898!16s%2Fg%2F11j_9951pf!19sChIJx109DcelVDcRaH3_4_bt85s?authuser=0&hl=bn&rclk=1
87,মতিন হোটেল motin hotel,https://www.google.com/maps/place/%E0%A6%AE%E0%A6%A4%E0%A6%BF%E0%A6%A8+%E0%A6%B9%E0%A7%8B%E0%A6%9F%E0%A7%87%E0%A6%B2+motin+hotel/data=!4m7!3m6!1s0x3754a58623123073:0x54ec370455f45fad!8m2!3d22.8713157!4d91.0915923!16s%2Fg%2F11hdr4wdcv!19sChIJczASI4alVDcRrV_0VQQ37FQ?authuser=0&hl=bn&rclk=1
88,মাসুদ হোটেল,https://www.google.com/maps/place/%E0%A6%AE%E0%A6%BE%E0%A6%B8%E0%A7%81%E0%A6%A6+%E0%A6%B9%E0%A7%8B%E0%A6%9F%E0%A7%87%E0%A6%B2/data=!4m7!3m6!1s0x3754a47e7681a797:0x2cb36b2b40697620!8m2!3d22.8963493!4d91.098447!16s%2Fg%2F11gf1gk8cq!19sChIJl6eBdn6kVDcRIHZpQCtrsyw?authuser=0&hl=bn&rclk=1
89,টেস্টি বার্ন,https://www.google.com/maps/place/%E0%A6%9F%E0%A7%87%E0%A6%B8%E0%A7%8D%E0%A6%9F%E0%A6%BF+%E0%A6%AC%E0%A6%BE%E0%A6%B0%E0%A7%8D%E0%A6%A8/data=!4m7!3m6!1s0x3754a5f47cc63573:0xd59644598ce9cb25!8m2!3d22.859284!4d91.0960702!16s%2Fg%2F11vqxpvp_q!19sChIJczXGfPSlVDcRJcvpjFlEltU?authuser=0&hl=bn&rclk=1
90,মুন কিচেন,https://www.google.com/maps/place/%E0%A6%AE%E0%A7%81%E0%A6%A8+%E0%A6%95%E0%A6%BF%E0%A6%9A%E0%A7%87%E0%A6%A8/data=!4m7!3m6!1s0x3754a59fcb90be8d:0x89b179cc55afe287!8m2!3d22.8949666!4d91.0973875!16s%2Fg%2F11mvzd3zbw!19sChIJjb6Qy5-lVDcRh-KvVcx5sYk?authuser=0&hl=bn&rclk=1
91,টাউন হোটেল,https://www.google.com/maps/place/%E0%A6%9F%E0%A6%BE%E0%A6%89%E0%A6%A8+%E0%A6%B9%E0%A7%8B%E0%A6%9F%E0%A7%87%E0%A6%B2/data=!4m7!3m6!1s0x3754a51a9c003159:0x405e71aa1f1eea69!8m2!3d22.866761!4d91.09601!16s%2Fg%2F11svbvzd30!19sChIJWTEAnBqlVDcRaeoeH6pxXkA?authuser=0&hl=bn&rclk=1
92,পিৎজা টাউন,https://www.google.com/maps/place/%E0%A6%AA%E0%A6%BF%E0%A7%8E%E0%A6%9C%E0%A6%BE+%E0%A6%9F%E0%A6%BE%E0%A6%89%E0%A6%A8/data=!4m7!3m6!1s0x3754a5006611c0af:0xcf88d13c1da59c92!8m2!3d22.8677862!4d91.0966561!16s%2Fg%2F11y2km81g7!19sChIJr8ARZgClVDcRkpylHTzRiM8?authuser=0&hl=bn&rclk=1
93,কয়লা,https://www.google.com/maps/place/%E0%A6%95%E0%A6%AF%E0%A6%BC%E0%A6%B2%E0%A6%BE/data=!4m7!3m6!1s0x3754a55e1256f2a1:0x4eb56c8a7abbea3f!8m2!3d22.8690238!4d91.097909!16s%2Fg%2F11v0byhgf3!19sChIJofJWEl6lVDcRP-q7eopstU4?authuser=0&hl=bn&rclk=1
94,রাহিম স্টোর,https://www.google.com/maps/place/%E0%A6%B0%E0%A6%BE%E0%A6%B9%E0%A6%BF%E0%A6%AE+%E0%A6%B8%E0%A7%8D%E0%A6%9F%E0%A7%8B%E0%A6%B0/data=!4m7!3m6!1s0x3754a53ab6daafe1:0xd529d0dc0d4d9b03!8m2!3d22.8723699!4d91.0920644!16s%2Fg%2F11v9q7q2hp!19sChIJ4a_atjqlVDcRA5tNDdzQKdU?authuser=0&hl=bn&rclk=1
95,লাভাস,https://www.google.com/maps/place/%E0%A6%B2%E0%A6%BE%E0%A6%AD%E0%A6%BE%E0%A6%B8/data=!4m7!3m6!1s0x3754a5453b675551:0x58c15c172c0b116f!8m2!3d22.8649129!4d91.096868!16s%2Fg%2F11tmyz5h2g!19sChIJUVVnO0WlVDcRbxELLBdcwVg?authuser=0&hl=bn&rclk=1
96,পুলিশ ট্রেনিং সেন্টের ক্যান্টিন,https://www.google.com/maps/place/%E0%A6%AA%E0%A7%81%E0%A6%B2%E0%A6%BF%E0%A6%B6+%E0%A6%9F%E0%A7%8D%E0%A6%B0%E0%A7%87%E0%A6%A8%E0%A6%BF%E0%A6%82+%E0%A6%B8%E0%A7%87%E0%A6%A8%E0%A7%8D%E0%A6%9F%E0%A7%87%E0%A6%B0+%E0%A6%95%E0%A7%8D%E0%A6%AF%E0%A6%BE%E0%A6%A8%E0%A7%8D%E0%A6%9F%E0%A6%BF%E0%A6%A8/data=!4m7!3m6!1s0x3754a5ec4fe3566d:0xb1d521cff471f743!8m2!3d22.8743258!4d91.0971395!16s%2Fg%2F11qynrylsf!19sChIJbVbjT-ylVDcRQ_dx9M8h1bE?authuser=0&hl=bn&rclk=1
97,মাইজদী মুরগী বাজার,https://www.google.com/maps/place/%E0%A6%AE%E0%A6%BE%E0%A6%87%E0%A6%9C%E0%A6%A6%E0%A7%80+%E0%A6%AE%E0%A7%81%E0%A6%B0%E0%A6%97%E0%A7%80+%E0%A6%AC%E0%A6%BE%E0%A6%9C%E0%A6%BE%E0%A6%B0/data=!4m7!3m6!1s0x3754a580ffaa252d:0x7c7ada2fd2a246a2!8m2!3d22.8833122!4d91.096012!16s%2Fg%2F11qz6zqrj6!19sChIJLSWq_4ClVDcRokai0i_aenw?authuser=0&hl=bn&rclk=1
98,আরজেআর ফুড স্টোর,https://www.google.com/maps/place/%E0%A6%86%E0%A6%B0%E0%A6%9C%E0%A7%87%E0%A6%86%E0%A6%B0+%E0%A6%AB%E0%A7%81%E0%A6%A1+%E0%A6%B8%E0%A7%8D%E0%A6%9F%E0%A7%8B%E0%A6%B0/data=!4m7!3m6!1s0x3754a5830473fabb:0xca85c19a0a9695b7!8m2!3d22.8700145!4d91.0987513!16s%2Fg%2F11pd0kw6v4!19sChIJu_pzBIOlVDcRt5WWCprBhco?authuser=0&hl=bn&rclk=1
99,আলিফ এম্বুলেন্স সার্ভিস নোয়াখালী,https://www.google.com/maps/place/%E0%A6%86%E0%A6%B2%E0%A6%BF%E0%A6%AB+%E0%A6%8F%E0%A6%AE%E0%A7%8D%E0%A6%AC%E0%A7%81%E0%A6%B2%E0%A7%87%E0%A6%A8%E0%A7%8D%E0%A6%B8+%E0%A6%B8%E0%A6%BE%E0%A6%B0%E0%A7%8D%E0%A6%AD%E0%A6%BF%E0%A6%B8+%E0%A6%A8%E0%A7%8B%E0%A6%AF%E0%A6%BC%E0%A6%BE%E0%A6%96%E0%A6%BE%E0%A6%B2%E0%A7%80/data=!4m7!3m6!1s0x3754a553baf3d869:0x7b73f3a87c58f215!8m2!3d22.8715372!4d91.0916647!16s%2Fg%2F11n7259dz4!19sChIJadjzulOlVDcRFfJYfKjzc3s?authuser=0&hl=bn&rclk=1
