title,url
Bloomberg Surveillance 7/3/2025,https://www.youtube.com/watch?v=uH56uSulSqU
Miran Says Jobs Report Shows US Economy Normalizing,https://www.youtube.com/watch?v=FseqpBLBfHY
BlackRock's Rosenberg Worried About Dip in Private Payrolls,https://www.youtube.com/watch?v=nOx0D5mNzvM
"US Adds 147,000 Jobs in June, Unemployment Rate Falls to 4.1%",https://www.youtube.com/watch?v=moqWyZ1Tsdo
President Trump says anyone would be better than Fed Chair Jay Powell,https://www.youtube.com/watch?v=LTH8H9-Oyiw
Weaker Dollar Tailwind Not Baked Into Earnings: HSBC’s Kettner,https://www.youtube.com/watch?v=0vdYuH0ttnU
Trump Tax Bill Stalls in the House | Balance of Power: Early Edition 7/02/2025,https://www.youtube.com/watch?v=tGwQwQFvZlM
US House Nears Passage of Trump’s Tax and Spending Bill,https://www.youtube.com/watch?v=XVVvXM3cdKM
Stocks Muted Ahead of Jobs Data; House Debates Trump's Tax Bill | Bloomberg Brief 7/3/2025,https://www.youtube.com/watch?v=N168jUr1Oik
US Jobs Preview: What to Watch for in the June Report,https://www.youtube.com/watch?v=ZDoC_HqeUGc
Starmer Says He Works 'In Lockstep' With UK Chancellor,https://www.youtube.com/watch?v=ebqqEAFGtck
Reeves: Commitment to Fiscal Rules Can Boost Investment,https://www.youtube.com/watch?v=XiAIot2q30s
"Starmer Backs Reeves After Tears Prompt Selloff, Trump Tax Bill Latest | Bloomberg The Pulse 07/03",https://www.youtube.com/watch?v=W_HMs28u1yw
"Trump Tax Bill Clears Critical Hurdle in House, Starmer Backs Reeves | The Opening Trade 07/03",https://www.youtube.com/watch?v=AytgEoWyZXw
Starmer Vows Budgetary Rigor After UK Selloff Over Reeves Fears,https://www.youtube.com/watch?v=o4KAvfN1XAQ
Trump Tax Bill Clears House Procedural Vote,https://www.youtube.com/watch?v=4OOE9jIFNF8
Trump Targets China Through Vietnam Trade Deal | Insight with Haslinda Amin 7/3/2025,https://www.youtube.com/watch?v=BOauiVkgx1s
US-Vietnam Trade Deal; Starmer Belatedly Backs Reeves After Selloff | Daybreak Europe 07/03/2025,https://www.youtube.com/watch?v=QLwh7GjBEEE
Trump Announces Vietnam Trade Deal; Starmer Backs Reeves | Horizons Middle East & Africa 07/03/2025,https://www.youtube.com/watch?v=9PoNHUPmmgU
What Would a US-Vietnam Trade Deal Mean for Asia?,https://www.youtube.com/watch?v=0Npd76CR_oM
US Lifts Chip Design Export Curbs on China,https://www.youtube.com/watch?v=XKOOQ7Gjt5A
"Oil, Energy: Companies Compete in Libya's Energy Exploration Tender",https://www.youtube.com/watch?v=3QCLcQACaYM
US Lifts Chip Design Curbs On China | The China Show 7/3/2025,https://www.youtube.com/watch?v=B4zh0Kv-Cjc&pp=0gcJCcEJAYcqIYzv
Trump Says Trade Deal Reached With Vietnam | Bloomberg: The Asia Trade 7/3/25,https://www.youtube.com/watch?v=7XL-6YD1tWk&pp=0gcJCcEJAYcqIYzv
Trump Tax Bill Hits Roadblock in the House | Balance of Power Late Edition 7/02/2025,https://www.youtube.com/watch?v=Vhd0UNjXsSM
Tesla Sales Fall 13% | Bloomberg: The Close 7/2/2025,https://www.youtube.com/watch?v=RECtleg7Xo8
Israel Urges China to Put Economic Pressure on Iran,https://www.youtube.com/watch?v=NGxke6I5Ncw
S&P 500 Logs Fresh Record High | Closing Bell,https://www.youtube.com/watch?v=fV6fNbSUb9Y
"Tax Bill Delivers What GOP Promised, Jordan Says",https://www.youtube.com/watch?v=5q5p9SN7iqo
No Sign of Bear Market on Horizon: Edward Jones' Mahajan,https://www.youtube.com/watch?v=qHcyEa9qy3w
Trump's Tax Bill Goes Down to the Wire,https://www.youtube.com/watch?v=wLYct2Y0bkw
"Impacts of Trump Bill Are Devastating, says Rep. DelBene",https://www.youtube.com/watch?v=W3FQ6f8meJA
Starmer's Office Scrambles to Show Support for Reeves,https://www.youtube.com/watch?v=vi2AOb7d3Pw
Is the US Economy Heading for Stagflation? | Presented by CME Group,https://www.youtube.com/watch?v=scpUX_e7rP0
Why Micro Ingredients Are of Increasing Global Importance | Presented by CME Group,https://www.youtube.com/watch?v=cvPr3iw8sdE
"Microsoft to Cut 9,000 Employees | Open Interest 7/02/2025",https://www.youtube.com/watch?v=qMjhLzZRc5g
Bloomberg Surveillance 7/2/2025,https://www.youtube.com/watch?v=iY6bPhQ4tRg
Sean 'Diddy' Combs Acquitted of Racketeering and Sex Trafficking,https://www.youtube.com/watch?v=HkoznflmnHk
"Vietnam to Pay 20% Tariff on Exports to US, Trump Says",https://www.youtube.com/watch?v=8yRwCuMNUUI
"Tesla Sales Come Up Short in Second Quarter, But Shares Rise",https://www.youtube.com/watch?v=lmnIVkM_QPg
"Trump Says Japan Is 'Very Spoiled,' Doubts There Will Be Trade Deal: Full Q&A",https://www.youtube.com/watch?v=75hr99l43Rw
Foxconn Asks Chinese Workers to Leave India and Go Home,https://www.youtube.com/watch?v=BhKvWUSrnKk&pp=0gcJCcEJAYcqIYzv
"Elon Musk Should Stop 'Poking the Bear' That Is Trump, Ives Says",https://www.youtube.com/watch?v=kM3Q-mL4acM
"Microsoft to Cut 9,000 Jobs in Second Wave of Layoffs",https://www.youtube.com/watch?v=m5OGn_Ze45E
US Private Payrolls Show Surprise Decline in June: ADP,https://www.youtube.com/watch?v=bB2U3t8opPE
"Trump Tax Bill Will Pass House by July 4, McCarthy Says",https://www.youtube.com/watch?v=Rrz-qM1AP_Y
Jury in Sean 'Diddy' Combs trial reaches verdicts on four of five counts,https://www.youtube.com/watch?v=zWB3bVdayHw
"Stocks Hover Amid Increased Trade Focus, Tax Bill; Banks Boost Dividends | Bloomberg Brief 7/2/2025",https://www.youtube.com/watch?v=mb-FblhJEhU
"ECB's Rehn on Inflation, Euro Exchange Rate, US Tariffs",https://www.youtube.com/watch?v=T_Q-kvG1Uek
Trump Tax Bill Faces GOP Resistance Ahead of House Vote,https://www.youtube.com/watch?v=QhHdDujFtzM
"Trump Ramps up Japan Threat, Powell Cheered at Sintra | Bloomberg The Pulse 07/02",https://www.youtube.com/watch?v=0yFtzbRw7Yo
"Trump Threatens 35% Japan Tariffs, 'Big Beautiful Bill' Faces Resistance | The Opening Trade 07/02",https://www.youtube.com/watch?v=7IRMLh91DBY
"ECB's Centeno on Inflation, Interest Rates, Euro Exchange Rate, Trade",https://www.youtube.com/watch?v=-HztGWvh47s
Dollar Depreciation Has Years to Run: 3-Minute MLIV,https://www.youtube.com/watch?v=_MPNGKGber8
"Santander CFO on Buying TSB, Banking Consolidation, BBVA's Bid for Sabadell",https://www.youtube.com/watch?v=PUzqYwwx9VQ
Trump Threatens Japan; Powell Mulls July Rate Cut; Starmer Weakened | Daybreak Europe 07/02/2025,https://www.youtube.com/watch?v=p-YMGIjA7Io&pp=0gcJCcEJAYcqIYzv
Trump Sticks To Tariff Deadline; Gaza Ceasefire | Horizons Middle East & Africa 07/02/2025,https://www.youtube.com/watch?v=3kO4hYdeCJU
Banking: Santander Agrees to Buy Sabadell’s UK Unit TSB,https://www.youtube.com/watch?v=TK_2EEyEEH8
Starmer Drops Flagship Welfare Reforms to Avoid Defeat,https://www.youtube.com/watch?v=1NhPhx8tEtM
Trump Says Israel Agreed to Terms of 60-Day Gaza Ceasefire,https://www.youtube.com/watch?v=FMxSbtuMw38
China Vows to Rein In Intense Competition | The China Show 7/2/2025,https://www.youtube.com/watch?v=1_dzUmyqkjM
"Trump Sticks With July 9 Tariff Deadline, Criticizes Japan",https://www.youtube.com/watch?v=qKG6dzL6VqY
Trump’s Tariff Threats Put Global Central Banks on High Alert | Insight with Haslinda Amin 7/2/2025,https://www.youtube.com/watch?v=9uFit6eRVTc
Trump Sticks with July 9 Tariff Deadline | Bloomberg: The Asia Trade 7/2/25,https://www.youtube.com/watch?v=pkod3ml08-8
Thai Prime Minister's Suspension Deals Fresh Blow to Economy,https://www.youtube.com/watch?v=or2Y8oLXWlk
Balance of Power Late Edition 7/01/2025,https://www.youtube.com/watch?v=ou20DW1OBvU
Trump Tax Bill Hits | The Close 7/1/2025,https://www.youtube.com/watch?v=pPzQCJVpPdg&pp=0gcJCcEJAYcqIYzv
The Walkman's Renaissance | On This Day,https://www.youtube.com/watch?v=qsHpgna5RSM
Stocks Finish Choppy Session | Closing Bell,https://www.youtube.com/watch?v=aoAg0sKCZFY
Trump Says He's Not Extending Tariff Pause Past July 9,https://www.youtube.com/watch?v=U3CGvSaZcBs
Senate Passes Trump Tax Bill | Balance of Power: Early Edition 7/01/2025,https://www.youtube.com/watch?v=Ua0uRjHsmbM&pp=0gcJCcEJAYcqIYzv
"Zohran Mamdani Wins NYC Primary, But Cuomo May Not Be Out",https://www.youtube.com/watch?v=WSAy3pcc57M
DOGE Should Take Closer Look at Musk: Trump,https://www.youtube.com/watch?v=qVKfjhSaez4
"Central Bankers Powell, Lagarde, Ueda, Bailey Speak at Sintra",https://www.youtube.com/watch?v=3jHoLpFOX0A
Tesla Stocks Drop after Trump Takes Aim at EV Subsidies | Open Interest 7/01/2025,https://www.youtube.com/watch?v=fmGf4eB0E7A
Will Buy As Much Bitcoin As We Can: Twenty One CEO,https://www.youtube.com/watch?v=mYMdbct0_Mg
Twenty One's Crypto Treasury Progress | Bloomberg Crypto 7/1/2025,https://www.youtube.com/watch?v=dbcxOvtmRWA
Trump's $3.3 Trillion 'One Big Beautiful Bill' Passes the Senate,https://www.youtube.com/watch?v=SdevbP4yK-k
Trump Tours 'Alligator Alcatraz' in Florida's Everglades,https://www.youtube.com/watch?v=KQmuSBtvqQY
"'Alligator Alcatraz' Is Nearly Ready to Open, Trump Says",https://www.youtube.com/watch?v=PWn1eWj9kPw
Feud Between Tesla's Elon Musk and Trump Escalates,https://www.youtube.com/watch?v=VY-pY6Eftk0
Bloomberg Surveillance 7/1/2025,https://www.youtube.com/watch?v=eHOi5DwG1IM
"Fed Could Still Cut Rates in July, Says Powell",https://www.youtube.com/watch?v=Tu1DJLi02Wk
Thune Believes Senate Has Votes to Pass Trump Tax Bill,https://www.youtube.com/watch?v=msCEEAZ-c7Y
Senate GOP Ramps Up Full Court Press on Trump Tax Bill | Balance of Power: Early Edition 6/30/2025,https://www.youtube.com/watch?v=hQsDNsBWi7o&pp=0gcJCcEJAYcqIYzv
"Trump Calls NYC Mayoral Candidate Zohran Mamdani a 'Pure, True Communist'",https://www.youtube.com/watch?v=zyCy2oQKaH4
Trump on Deporting Elon Musk: ‘Have to Take a Look’,https://www.youtube.com/watch?v=4ktUxULMKts
Stocks Slip Ahead of Data; Senate Pulls All-Nighter on Trump Tax Bill | Bloomberg Brief 7/1/2025,https://www.youtube.com/watch?v=9f0CTpIUiUw
"Trump Takes Aim at Musk, EU to Accept US Universal Tariff  | The Opening Trade 07/01",https://www.youtube.com/watch?v=_ze6xQu_XXw
Trump Threatens Musk as Senate Pulls All-Nighter on Tax Bill | Bloomberg The Pulse 07/01,https://www.youtube.com/watch?v=X6v-qT9ldbo
"Musk Bashes Spending Bill, Trump Threatens Tesla Subsidies",https://www.youtube.com/watch?v=LFfxYXNAWiY
Trump Tax Bill: Divided Senate GOP Struggles to Gather Votes,https://www.youtube.com/watch?v=6FtURpl0rKo
"ECB's Guindos on Inflation, Euro Rate, Fiscal Policy",https://www.youtube.com/watch?v=bU0zGbpKC5o
Stocks Extend Rally; EU to Accept 10% Tariff; Apple Could Outsource AI | Daybreak Europe 07/01/2025,https://www.youtube.com/watch?v=-Ch0mLvYv5o
"India Should Seek 'Big, Beautiful Trade Deal' with Trump, Says Ex-UN Envoy",https://www.youtube.com/watch?v=5Q8W27h7-o0
Countries Rush To Avoid Trump's Tariff Letters | Insight with Haslinda Amin 7/1/2025,https://www.youtube.com/watch?v=dJa51tsumv4
"ECB Shouldn't Be Complacent About Inflation, Nagel Says",https://www.youtube.com/watch?v=qac8YayQ2SM
Trump's Tariff Deadline Looms; US Ends Syria Sanctions | Horizons Middle East & Africa 07/01/2025,https://www.youtube.com/watch?v=Iio_HUqvkEg
UK: Starmer's Welfare Overhaul to Face Key Vote,https://www.youtube.com/watch?v=C946tSojhls
Can the Quad Counter China in the Indo-Pacific?,https://www.youtube.com/watch?v=iHeyJT4THHg
"SARB Governor Kganyago on South Africa Inflation Target, Monetary Policy",https://www.youtube.com/watch?v=uZWRYNoZz1A
"China, Asia EM Stocks Face Hurdles After Blockbuster 1H | The China Show 7/1/2025",https://www.youtube.com/watch?v=5_G9jobjhPQ
"EU Prepared to Accept Trump Universal Tariff, Seeks Key Exemptions",https://www.youtube.com/watch?v=41Sx2_8Y5yc
"Kenya's Ruto in Spain, UK: What's on the Agenda",https://www.youtube.com/watch?v=W13WJlduySU
EU Willing to Accept Trump's Universal Tariff | Bloomberg: The Asia Trade 07/01/25,https://www.youtube.com/watch?v=br7D_95hCCg
Korea Investment Fund Eyes China Tech,https://www.youtube.com/watch?v=LwH8KKBvmnI
GOP Pushes to Meet July 4 Goal to Finish Tax Bill | Balance of Power: Late Edition 6/30/2025,https://www.youtube.com/watch?v=3iLNFg8c7HA
Robinhood Adds US Shares on the Blockchain | The Close 6/30/2025,https://www.youtube.com/watch?v=7Om29_PlNOs
Apple Market Cap $3T | On This Day,https://www.youtube.com/watch?v=lLS2cV2CUDU
Robinhood's Tenev Sees Crypto and Finance Merging,https://www.youtube.com/watch?v=LAaxA25vnJw
Apple May Use Outside AI to Power Siri in Major Reversal,https://www.youtube.com/watch?v=3rIZvDNtf08
Trump Tax Bill Held Back by GOP Infighting,https://www.youtube.com/watch?v=lShknuFxH8k&pp=0gcJCcEJAYcqIYzv
"TikTok Buyer Has Been Found, Says Trump",https://www.youtube.com/watch?v=vIj9HPehchc
"China Growth Is on a 'Moderating Trend,' JPMorgan's Ng Says",https://www.youtube.com/watch?v=aSAwPPLTzbo
EU Said to Be Willing to Accept US Trade Deal,https://www.youtube.com/watch?v=ODnfWeXx4jQ
Biggest Stock Winners and Losers in First Half of Year,https://www.youtube.com/watch?v=1gS-lKbEbBY&pp=0gcJCcEJAYcqIYzv
Scott Bessent Confident on Tax Bill as Deadline Looms | Open Interest 6/30/2025,https://www.youtube.com/watch?v=7oW8g751Ncw
BlackRock's Rieder Says Sell the Volatility,https://www.youtube.com/watch?v=nWh6aJeneyY
The Race to Launch Solana ETFs | ETF IQ 6/30/2025,https://www.youtube.com/watch?v=yyklalY73Xc
BlackRock's Rieder Expects Two Fed Cuts This Year,https://www.youtube.com/watch?v=5ucdROUy09Q
Rieder Favors Equities Over Long Duration Bonds,https://www.youtube.com/watch?v=b7UP8GLfJVI
Is the US Housing Market Flashing a Warning Signal? | Presented by CME Group,https://www.youtube.com/watch?v=J7Z9CeigpIQ
Could Broadcom Join the Magnificent Seven? | Presented by CME Group,https://www.youtube.com/watch?v=uHnCaPQmNa4
Bloomberg Surveillance 6/30/2025,https://www.youtube.com/watch?v=Z4OPKyqyxAY&pp=0gcJCcEJAYcqIYzv
"Treasury Secretary Bessent on Tax Bill, Next Fed Chair, Government Debt",https://www.youtube.com/watch?v=wfKwve4J_4U
Treasury Secretary Bessent Says Budget Bill Will be Ready to Sign by July 4,https://www.youtube.com/watch?v=H0zXlmMWEaE
"Fed Seems Frozen at the Wheel Here, Bessent Says",https://www.youtube.com/watch?v=lI28GWbXHTk
Carlyle: Military Industrial Complex is a Boon to Productivity,https://www.youtube.com/watch?v=LWkGF2dsBB8
Musk Slams Cuts to EV Credits in Senate Trump Tax Bill,https://www.youtube.com/watch?v=7mG5MfN6aPo
Trump Tax Bill Faces GOP Pushback as Vote Marathon Looms,https://www.youtube.com/watch?v=3Lxfz0QnstI
US Futures Rise Amid Trade Talks; Senate to Vote on Tax Bill | Bloomberg Brief 6/30/2025,https://www.youtube.com/watch?v=5gjbBjwKQxU
"Boaz Weinstein on Card Counting, Private Credit and Night Sweats | Bullish Extended Interview",https://www.youtube.com/watch?v=HSfObxuA20Y
Canada Drops Tax That Infuriated Trump | Bloomberg The Pulse 06/30,https://www.youtube.com/watch?v=IzidES4TPew
"Trump Tax Bill Hits Senate, Canada Drops Tech Tax | The Opening Trade 06/30",https://www.youtube.com/watch?v=qLHfKiU6ojk&pp=0gcJCcEJAYcqIYzv
Chinese Robot Startup’s Sales Leap After Beijing Marathon,https://www.youtube.com/watch?v=UA9ANZ_yXdk
"Canada Backs Down, UK Car Tariffs Slashed; Europe Basks in Heatwave | Daybreak Europe 06/30/2025",https://www.youtube.com/watch?v=JpSRIYyc78s
Canada Rescinds Digital Tax; Trump: Gaza Ceasefire Close | Horizons Middle East & Africa 06/30/2025,https://www.youtube.com/watch?v=ecYL_HpVq9I&pp=0gcJCcEJAYcqIYzv
Equity Risk Premium in Focus: 3-Minute MLIV,https://www.youtube.com/watch?v=gC9SpNNRRUc
Trump's Deals Seen Falling Short of Sweeping Trade Reforms | Insight with Haslinda Amin 6/30/2025,https://www.youtube.com/watch?v=zFVhJ0qXvZE
"Heat Wave in Europe: Impact on Power Grid, Health, Crops",https://www.youtube.com/watch?v=Ogy5Oea6amY
China-Europe Trade Relations: What to Expect From Wang Yi's Visit,https://www.youtube.com/watch?v=WfHDq2V8Fk4
Canada Drops Tech Tax to Restart US Trade Talks,https://www.youtube.com/watch?v=FIWi5NOxwt0
Trump Tax Bill Hits Senate With GOP Torn by Competing Demands,https://www.youtube.com/watch?v=gBP87rragO4
Trump Suggests He Might Back Sanctions Relief for Iran,https://www.youtube.com/watch?v=A9BkOS__QNQ
China Opposes Any Trade Deal at its Expense | The China Show 06/30/2025,https://www.youtube.com/watch?v=nun6wwrBmPc
Trump Deals Set To Fall Short of Sweeping Trade Reforms | Bloomberg: The Asia Trade 6/30/25,https://www.youtube.com/watch?v=tTiRkYX5aWE
Can Socialism Work for Business in NYC?,https://www.youtube.com/watch?v=NiJDILcFlnk
The Price of Trump's Gold Card and Where Else You Can Live,https://www.youtube.com/watch?v=uGWcqXNAB_o
"Mo Ibrahim on Financing in Africa, Telecoms, Sudan War",https://www.youtube.com/watch?v=J3VoVAlRnpo
Swagel: CBO's Job Is to Just Take the Criticism,https://www.youtube.com/watch?v=1FbbuiNwyXs
How the Israel-Iran War Could Reshape the Economic Landscape,https://www.youtube.com/watch?v=MmN1gu0FpZw&pp=0gcJCcEJAYcqIYzv
Anna Wintour to Step Down as Editor-in-Chief of Vogue,https://www.youtube.com/watch?v=BE6iomyWDAM&pp=0gcJCcEJAYcqIYzv
Mining a Crypto Future; Tariffs Citrus Squeeze | Bloomberg Next Africa,https://www.youtube.com/watch?v=NvDCrJ1PTU0
Iran-Israel Crisis Tests Dubai and Abu Dhabi's Neutrality,https://www.youtube.com/watch?v=R_ZNFUOKi1g
The Real Threat To the Labubu Economy,https://www.youtube.com/watch?v=DcqLJ-HPHZw
GOP Reaches Tentative SALT Deal at $40K Cap | Balance of Power Late Edition 6/27/2025,https://www.youtube.com/watch?v=baHa7xbMcOo
Stocks Head For Solid Month of Gains | The Close 6/27/2025,https://www.youtube.com/watch?v=dOwCCgYdXXo
"Middle East Tensions, CBO Track Record, US Gold Card, NYC Mayoral Primary | Wall Street Week",https://www.youtube.com/watch?v=A-MXQfRw_lc
'Serious Concern:' Wydra on SCOTUS Injunction Ruling,https://www.youtube.com/watch?v=kP6Lvh7ynfA
Trump Says He'll Choose a Fed Chair Who Wants to Cut Rates,https://www.youtube.com/watch?v=60bYNDPG0Ro
"With Tentative SALT Deal Reached, Could Tax Bill Meet July 4 Deadline?",https://www.youtube.com/watch?v=4YTxqS_AU9Y
Trump on Canada Trade Talks: 'We Have All the Cards',https://www.youtube.com/watch?v=e2xmaPaZXpE
SCOTUS NCAA Decision | On This Day,https://www.youtube.com/watch?v=V09GKm6KOsQ
Supreme Court Curbs Nationwide Blocks | Balance of Power: Early Edition 6/27/2025,https://www.youtube.com/watch?v=1pFLKhxlxnU
Bruckheimer Pushes Egos Aside to Get 'F1' in Theaters,https://www.youtube.com/watch?v=d17XlrBXN4U
Trump Ends Trade Talks With Canada,https://www.youtube.com/watch?v=tHgRtPeU0-c
Why the Muni Market Is So Robust Right Now,https://www.youtube.com/watch?v=ARwK5nmdCG4
Supreme Court Created a 'Procedural Mess' Over Birthright Citizenship says Durbin,https://www.youtube.com/watch?v=gkDjsrQvtn8
"President Trump Says July 4 Tax Bill deadline is not the ""end all""",https://www.youtube.com/watch?v=I2GuKbXE7rY
Trump Says US 'Probably' Has Four or Five Trade Deals,https://www.youtube.com/watch?v=GWlxiz0RtbA
"Supreme Court Curbs Judges in Birthright Case as Trump Touts Win, Trump reacts from White House",https://www.youtube.com/watch?v=ncp8JhrgyOY
Stocks Rise on Trade Hopes | Open Interest 6/27/2025,https://www.youtube.com/watch?v=HQRVa861i9c
Bloomberg Surveillance 6/27/2025,https://www.youtube.com/watch?v=7RYlLXstIXE
The Close 6/25/2025,https://www.youtube.com/watch?v=b2GRiY7m3WM
"Tech Stock Rally Is Just Beginning, Wedbush's Ives Says",https://www.youtube.com/watch?v=BKRA4TDSits
"Energy Secretary Wright on Iran, Oil, Nuclear Power",https://www.youtube.com/watch?v=wG8hrSTK0Dc
"Iran Still 'Shell-Shocked' After US Strike, Says Wright",https://www.youtube.com/watch?v=di66R9mCZMQ
Stocks Advance Amid Trade Talks; Nike Jumps on Positive Outlook | Bloomberg Brief (6/27/2025),https://www.youtube.com/watch?v=GsaZErb7CCo
The Key Takeaways From Nike's 4th-Qtr Earnings Report,https://www.youtube.com/watch?v=ifKbUkHUcY0
"US-China Trade Truce Signed, Treasury Kills 'Revenge Tax' | Bloomberg The Pulse 06/27",https://www.youtube.com/watch?v=3TvqLbTqEMo
US-China Trade Deal Framework Confirmed | Bloomberg: The Opening Trade 06/27,https://www.youtube.com/watch?v=SHJa6TXJNhQ
US Stocks Stall on Escalator of Promise: 3-Minute MLIV,https://www.youtube.com/watch?v=Jpfiw-1CxYs
"US, China Sign Trade Deal; Iran Rejects US Talks Claim: Horizons Middle East & Africa 6/27/2025",https://www.youtube.com/watch?v=KH03pY-foAM
US-China Trade Deal Already Signed; Trump Says Must Fight Powell | Daybreak Europe 06/27/2025,https://www.youtube.com/watch?v=d_te_NDHnco&pp=0gcJCcEJAYcqIYzv
US Says Signed Trade Agreement With China | The China Show 6/27/2025,https://www.youtube.com/watch?v=1Mk781NfCE4&pp=0gcJCcEJAYcqIYzv
"Xiaomi's New SUV Gets 289,000 Orders in an Hour",https://www.youtube.com/watch?v=fVq8983yGNs
"US-EU Trade, Tariff Talks: Von Der Leyen Says EU Ready If Negotiations Break Down",https://www.youtube.com/watch?v=zq3EM4xGYK0
Nike Needs US-China Trade Truce; Xiaomi's SUV Worries Tesla? | Insight with Haslinda Amin 6/27/2025,https://www.youtube.com/watch?v=Pw6ghz62cjI
Lutnick Says US-China Trade Deal 'Signed and Sealed',https://www.youtube.com/watch?v=GQcpx9L3M04
"Lutnick Says US-China Trade Truce Signed | Bloomberg: The Asia Trade, 6/27/25",https://www.youtube.com/watch?v=VWNLndZ0BPM
White House Sticks With July 4 Tax Bill Deadline | Balance of Power: Late Edition 6/26/2025,https://www.youtube.com/watch?v=1YE3TeeTnSg
S&P 500 Closes Just Shy of Record High | The Close 6/26/2025,https://www.youtube.com/watch?v=YpQX66SzPQE
S&P 500 Closes Just Shy of Record High | Closing Bell,https://www.youtube.com/watch?v=p_BMouUTOYw
The United Nations Turns 80 | On This Day,https://www.youtube.com/watch?v=5f3FnVwW6XE
"Chief Future Officer: Pascal Desroches, AT&T (Correct)",https://www.youtube.com/watch?v=IR6m2UVBVk8
"Lutnick on SALT Cap Talks, Trade Deals and Trump Card",https://www.youtube.com/watch?v=sworNYcxGBg
RFK Jr.'s Vaccine Panel Could Make New Recommendations,https://www.youtube.com/watch?v=avfFDu0uRes
Will Trump Replace Fed Chair Powell Early?,https://www.youtube.com/watch?v=f_r3Sz8K6Kg
Trump Tax Bill Hits Health-Care Snag | Balance of Power 6/26/2025,https://www.youtube.com/watch?v=Ga1QKywfUHA
S&P 500 on the Brink of Record High | Open Interest 6/26/2025,https://www.youtube.com/watch?v=NVX2tm9O80s
Elon Musk Loses a key confidant at Tesla,https://www.youtube.com/watch?v=k682JRkjRR0
"Apollo's Zelter on Fed, Dollar US Exceptionalism",https://www.youtube.com/watch?v=3WBA7_J0O6A
JPMorgan Asset CEO Warns of Private Credit Froth | ETF IQ 6/26/2025,https://www.youtube.com/watch?v=tPJcOxQZ8is
"Mamdani's Victory Is Gift for Florida and Texas, Says Summers",https://www.youtube.com/watch?v=e_HERRBZkoU
"Micron Gives Strong Forecast, Lifted by AI Computing Demand",https://www.youtube.com/watch?v=LqrvSEsNb9c
Stablecoins Emerge As Crypto's Next Big Disruptor | Bloomberg Crypto 6/26/2025,https://www.youtube.com/watch?v=qw9QcsVGBNQ
Defense Secretary Hegseth Rips Media for Coverage of Strikes on Iran,https://www.youtube.com/watch?v=ZsO1rDeyEc4
What’s Keeping the Fed on Hold? | Presented by CME Group,https://www.youtube.com/watch?v=zzp2Vjuuti8
Bloomberg Surveillance 6/26/2025,https://www.youtube.com/watch?v=NPEs1ui1cCY
Trump's Big Beautiful Bill Hits a Snag,https://www.youtube.com/watch?v=5ufVpdbP5UQ
"US Economy: Jobless Claims Fall, 1Q GDP Revised to -0.5%",https://www.youtube.com/watch?v=8Dy0m7dBabY&pp=0gcJCcEJAYcqIYzv
Hims Won't Back Down From Selling Cheap Weight-Loss Shots,https://www.youtube.com/watch?v=S7utIduUX60
"Fed's Daly on Interest Rates, Inflation, Tariff Impact",https://www.youtube.com/watch?v=EzURhXsNrtY&pp=0gcJCcEJAYcqIYzv
"Ken Griffin on China, Trump and Why He Bought a Dinosaur - Bonus Content from Bullish",https://www.youtube.com/watch?v=L37-o3piIDs&pp=0gcJCcEJAYcqIYzv
Treasury Yields Drop as Trump Pressures Powell; Nvidia Hits Record High | Bloomberg Brief 6/26/2025,https://www.youtube.com/watch?v=LwbRJ9-4qVo
"Trump Ratchets up Powell Pressure, Russia Sanctions on EU Summit Agenda | Bloomberg The Pulse 06/26",https://www.youtube.com/watch?v=ziOxesD6l7Y
"Mamdani's Rise Fuels NYC Tax Hikes, Exodus Fears",https://www.youtube.com/watch?v=YnIaVhm2OG8
Dollar Falls as Trump Ratchets Up Powell Replacement Pressure | The Opening Trade 06/26,https://www.youtube.com/watch?v=hh9AO0AR2Mc
Kenya Clashes Leave Eight Protesters Dead,https://www.youtube.com/watch?v=C_QySg2GIw4
No Trump Card: EU Says Tech Crackdown Isn't a US Trade Tactic,https://www.youtube.com/watch?v=BOEqr2-3aNw
Trump May Name Powell Successor Early; Nvidia Hits All-Time High | Daybreak Europe 06/25/2025,https://www.youtube.com/watch?v=0KDH_rU5Xjg
Dollar and US Yields Will Diverge Further: 3-Minute MLIV,https://www.youtube.com/watch?v=3WU9gr8qeVY
The Asia Trade 06/26/2025,https://www.youtube.com/watch?v=FRiNAbAA5ZU
Trump Says US-Iran To Meet; Powell's Replacement | Horizons Middle East & Africa 06/26/2025,https://www.youtube.com/watch?v=IrG46joRabo
Trump Eyes Early Fed Pick As He Feuds With Powell | Insight with Haslinda Amin 6/26/2025,https://www.youtube.com/watch?v=7mK-7Ulh554
Hong Kong Intervenes to Defend US Dollar Peg | Bloomberg: The China Show 06/26/2025,https://www.youtube.com/watch?v=wgsJ2dAQtz0
AT&T Finds Efficiencies in Fiber Push,https://www.youtube.com/watch?v=GwBeP9vwwF8
How AT&T Found Its Focus,https://www.youtube.com/watch?v=B5k3fFOwdps
"House, Senate Republicans Locked on Key Tax Issues | Balance of Power Late Edition 6/25/2025",https://www.youtube.com/watch?v=PTJPqYf9bcY
NYC Democrats Rebuke Establishment With Vote for Zohran Mamdani,https://www.youtube.com/watch?v=mY-OL54Vms8
Stock End Mixed After Choppy Season | Closing Bell,https://www.youtube.com/watch?v=btFiecFUmVY
Trump Takes Credit For NATO Spending Boost | Balance of Power: Early Edition 6/25/2025,https://www.youtube.com/watch?v=tf4dHxb1J0I
"Goldman’s Kaplan on Powell, Tariffs, Harvard, Texas",https://www.youtube.com/watch?v=dewaSDGxyow&pp=0gcJCcEJAYcqIYzv
"Trump Hails NATO Spending Plan as Tax, Trade Deadlines Loom | Open Interest 6/25/2025",https://www.youtube.com/watch?v=jqJMDIXRB4I&pp=0gcJCcEJAYcqIYzv
Trump Says He's Not Giving Up the Maximum Pressure Campaign on Iran,https://www.youtube.com/watch?v=KE0na-B2ry8
Former MI6 Chief: Iran Problem Not Going Away,https://www.youtube.com/watch?v=DHFFHAWinPE
FedEx Profit Guidance Disappoints as Tariffs Weigh on Demand,https://www.youtube.com/watch?v=63qUTwYkF_0
Trump Threatens to Make Spain Pay Double in Trade Deal,https://www.youtube.com/watch?v=iKBX2Qpz9Ko
Trump Says US and Iran Will Talk Next Week,https://www.youtube.com/watch?v=m2aPBVnhbS0
"Russia's Putin Wants to Settle the War in Ukraine, Trump Says",https://www.youtube.com/watch?v=Du7-wnLdMfE
Trump Takes Credit for NATO Spending More on Defense,https://www.youtube.com/watch?v=npgrZsO0vVk
Bloomberg Surveillance 6/25/2025,https://www.youtube.com/watch?v=itEa4xlPSxA&pp=0gcJCcEJAYcqIYzv
Trump Says He Thinks Israel-Iran War Is Over,https://www.youtube.com/watch?v=YiQERJF1D50
"Mamdani Wins NYC Primary, Delivers Huge Blow to Cuomo",https://www.youtube.com/watch?v=FN72qEMzfkw
"NATO Summit Outcome 'Great Success' for Alliance, Finland's Stubb Says",https://www.youtube.com/watch?v=S6tNP4iBXcY
Trump and World Leaders Gather for NATO Family Photo,https://www.youtube.com/watch?v=EphdeQKTHL8&pp=0gcJCcEJAYcqIYzv
Rutte: NATO Allies Agreed to Spend 5% GDP in Defense,https://www.youtube.com/watch?v=BN2PI78j-bQ
Trump changes mind and will now let China buy oil from Iran,https://www.youtube.com/watch?v=YAVP7wnSH6g
Cuomo Loses NYC Primary to Democratic Socialist Mamdani,https://www.youtube.com/watch?v=DvAmgo_XyUo
Zohran Mamdani Upsets Andrew Cuomo to Win NYC Democratic Mayoral Primary,https://www.youtube.com/watch?v=T1EzcXuQN20
Wharton's Siegel Sees a Lot of Positives for Stocks,https://www.youtube.com/watch?v=oOh3gPYHbQ4
"President Trump and Rutte Speak at NATO Summit on Russia, Spending, Israel (full remarks)",https://www.youtube.com/watch?v=zNwLhYJSu1U
Wall Street Dealmaker Moelis 'Very Bullish' on Europe,https://www.youtube.com/watch?v=Ynx3udLaCvM
Trump Disputes Pentagon View on Iran Damage; Powell Testimony Day 2 | Bloomberg Brief 6/25/2025,https://www.youtube.com/watch?v=SVIdoqa220g
"Trump Says Iran Sites ‘Destroyed’, U-Turns on China Buying Iranian Oil | Bloomberg The Pulse 06/25",https://www.youtube.com/watch?v=qfn9JnxwST0
"Leaked Intelligence Suggests Iran Nuclear Sites in Tact, Trump Refutes | The Opening Trade 06/25",https://www.youtube.com/watch?v=8tFPU5jJezA
Trump Says Strikes on Iran Caused 'Total Obliteration',https://www.youtube.com/watch?v=BbwlJVAHrms
Trump Expresses Support for NATO in The Hague,https://www.youtube.com/watch?v=a_ruOHdu4Z4
FX Will Play Key Role In Assessing Stocks: 3-Minute MLIV,https://www.youtube.com/watch?v=CGknlhiAoRQ
NATO Secretary General Expects 'Transformational' Summit,https://www.youtube.com/watch?v=GA40BHEuCuY
US Attacks on Iran Had 'Limited Impact'; Rutte Flatters Trump | Daybreak Europe 06/25/2025,https://www.youtube.com/watch?v=gpPCjJwRqi8
Limited Damage to Iran's Atomic Sites; Fragile Ceasefire | Horizons Middle East & Africa 25/06/2025,https://www.youtube.com/watch?v=w1yM5XlGAPg
EU Seeks to Revive Iran Diplomacy,https://www.youtube.com/watch?v=B4zyVSEENP8
"Spain's Economy Minister on NATO Spending, BBVA's Bid for Sabadell",https://www.youtube.com/watch?v=8_Wz1ablX84
China’s Li Highlights Entrepreneurship at WEF,https://www.youtube.com/watch?v=hnlgQTmhW0Q
NATO Tries to Use Charm to Keep Trump On Its Side,https://www.youtube.com/watch?v=ik4JCyx2v4w&pp=0gcJCcEJAYcqIYzv
Trump Tariffs Back In Focus After Iran-Israel Ceasefire | Insight with Haslinda Amin  6/25/2025,https://www.youtube.com/watch?v=5lLzaVGNeC0
China Doesn’t Hold Economic Upper Hand Over the US: Kurt Campbell,https://www.youtube.com/watch?v=6d6gVZE6srI
Trump Says China Can Keep Purchasing Oil From Iran,https://www.youtube.com/watch?v=dxiC_ofNLP0
"US Sees Limited Damage to Iran Atomic Sites, Nuclear Program",https://www.youtube.com/watch?v=A_pwdGWChpE
"Israel-Iran Ceasefire Holds After Trump Tirade | Bloomberg: The Asia Trade, 6/25/25",https://www.youtube.com/watch?v=ZT0_D5gQwc8
China Says It's Building 'Powerhouse' Consumer Economy | Bloomberg: The China Show 06/25/2025,https://www.youtube.com/watch?v=IVFFgBz22HM
"Indonesian Finance Minister Sri Mulyani Indrawati on Budget Plans, Prabowo's Government",https://www.youtube.com/watch?v=rOZdpHvwuzM
Reports Say US Strike Didn't Collapse Iran Sites | Balance of Power Late Edition 6/24/2025,https://www.youtube.com/watch?v=KuaF5839Tqc
Inside a Chinese Toy Factory - The 90-day Race,https://www.youtube.com/watch?v=NWSEgGLsIGw
Stocks Rally as Mideast Tensions Ease | Bloomberg: The Close 6/24/2025,https://www.youtube.com/watch?v=isOcuoqZGWU
Stocks Rally as Mideast Tensions Ease | Closing Bell,https://www.youtube.com/watch?v=RILvQGLjQCg
Slimmon Still Bullish on Tech Stocks,https://www.youtube.com/watch?v=HG5S9v7_ROU
"Cuomo, Mamdani Lead Polls in New York City Democratic Primary Race",https://www.youtube.com/watch?v=ohNxQ5fTj5Y&pp=0gcJCcEJAYcqIYzv
Trump’s Iran-Israel Truce Gains Ground | Balance of Power: Early Edition 6/24/2025,https://www.youtube.com/watch?v=LTY60MeP-ec
Fed Chair Powell Says Effects of Tariffs Take Time to See,https://www.youtube.com/watch?v=Gun0EKk8avs
"Trump on Israel, Iran: These two countries don't know what *** they're doing",https://www.youtube.com/watch?v=E9sP6ruqZIQ
US Power Grids Under Pressure With Dangerous Heat Wave,https://www.youtube.com/watch?v=LdIiL17IznQ
Israel-Iran Truce Gets Tested | Open Interest 6/24/2025,https://www.youtube.com/watch?v=eotBhHsGucs
Bloomberg Surveillance 6/24/2025,https://www.youtube.com/watch?v=o3SgUzESXp4&pp=0gcJCcEJAYcqIYzv
Fed’s Powell: Full Statement to House Financial Services Committee,https://www.youtube.com/watch?v=m4R2bBZxMUM&pp=0gcJCcEJAYcqIYzv
"Trump Lashes Out at Iran, Israel Before NATO Summit",https://www.youtube.com/watch?v=5YZM5DxJ8XU
Fed’s Powell to Reiterate No Rush to Cut Interest Rates,https://www.youtube.com/watch?v=WZD4PTQMvWE
Silver and Platinum Are Surging | Presented by CME Group,https://www.youtube.com/watch?v=dAnuEY8ShgM
"Rep. French Hill on Powell, Middle East, Trump Tax Bill",https://www.youtube.com/watch?v=VuVd1u--83w
"Stocks Are Priced for Perfection, Roland Says",https://www.youtube.com/watch?v=QHNw4sT31f8
Hot Pursuit! 24 Hours of Le Mans,https://www.youtube.com/watch?v=JuqrHz8enaw
Trump Isn't Happy With Iran or Israel,https://www.youtube.com/watch?v=hDT3fvH5RJY
Trump's Israel-Iran Ceasefire Tested; Powell on Capitol Hill | Bloomberg Brief 6/24/2025,https://www.youtube.com/watch?v=ydEYlYq0Tz0
Trump-Hailed Mideast Truce Falters With Israel Accusing Iran of Breach | Bloomberg The Pulse 06/24,https://www.youtube.com/watch?v=MPC5VClGaBo
"Israel's Netanyahu Agrees to Iran Ceasefire, Oil Price Collapses | The Opening Trade 06/24",https://www.youtube.com/watch?v=E7yznFPZ6e4
Oil Slumps on Israel-Iran Ceasefire; Trump Warns Against Violation | Daybreak Europe 06/24/2025,https://www.youtube.com/watch?v=nscRE_upx2o
Oil Prices Should Head Much Lower Again: 3-Minute MLIV,https://www.youtube.com/watch?v=nH7uCfVoXa4
"Israel Agreed to Ceasefire With Iran, Netanyahu Confirms",https://www.youtube.com/watch?v=E1B4fcvtmcg
Trump Announces Israel-Iran Ceasefire; Oil Declines | Horizons Middle East & Africa 06/24/2025,https://www.youtube.com/watch?v=zF1k-nU7isA
"Airspace Closures: What's the Impact on Flights, Aviation, Passengers",https://www.youtube.com/watch?v=PVcH6MJDxGk
"NATO Summit: What to Expect, Defense Spending Goals",https://www.youtube.com/watch?v=kGQ_IW1X8dw
Adnoc’s $19 Billion Santos Bid Tests Australian Energy Path,https://www.youtube.com/watch?v=yQTvV0SOQik
Trump Says Ceasefire 'Is Now in Effect',https://www.youtube.com/watch?v=TObDDQ-NzyI&pp=0gcJCcEJAYcqIYzv
Trump Touts Iran-Israel Ceasefire. Will It Hold? | Insight with Haslinda Amin 6/24/2025,https://www.youtube.com/watch?v=vxhSBrbaCI0
Former CIA Officer: Iran's Nuclear Facilities Far From 'Obliterated',https://www.youtube.com/watch?v=Zq4AGdKCJw4
"Trump's Iran-Israel Truce Talk Sinks Oil | Bloomberg: The Asia Trade, 6/24/25",https://www.youtube.com/watch?v=Omd76mYvVdw
Israel-Iran War May Halt as Trump Says Ceasefire Reached,https://www.youtube.com/watch?v=7GQJo52yKHw
Asian Markets Rally as Trump Announces Israel-Iran Truce | Bloomberg: The China Show 06/24/2025,https://www.youtube.com/watch?v=WMRelV_KwSg
Oil Prices Fall as Trump Announces Ceasefire in Middle East,https://www.youtube.com/watch?v=F86wP_BBlg0&pp=0gcJCcEJAYcqIYzv
Should Congress Vote on War Powers Resolution Following Trump Iran Attack?,https://www.youtube.com/watch?v=zTeFbWoa5mM
Trump Sees Path to De-Escalate After Iran Barrage | Balance of Power Late Edition 6/23/2025,https://www.youtube.com/watch?v=Nc-pdCP2UPY
Equities Finish at Session High | Closing Bell,https://www.youtube.com/watch?v=84GUrEV5KSE
"Reddit, The Front Page of the Interrnet | On This Day",https://www.youtube.com/watch?v=U8dfZb2fAMU
Iran Targets US Base in Qatar | Balance of Power: Early Edition 6/23/2025,https://www.youtube.com/watch?v=GZNfPAuEPeg
Clark Says Netanyahu Is Pushing for Iran Regime Change,https://www.youtube.com/watch?v=48h1qJfXxZs
Oil Plunges as Iran Retaliates for US Missile Strikes,https://www.youtube.com/watch?v=PX1gtF6-uRI
Energy in Focus as World Awaits Iran’s Response to US Strikes | Open Interest 6/23/2025,https://www.youtube.com/watch?v=jU05umawMdE
Persian Gulf on Edge as Iran Fires Missiles at US Base in Qatar,https://www.youtube.com/watch?v=XPLNy8nUOFQ
Iran's Retaliation Has Begun,https://www.youtube.com/watch?v=zXoCVzGBatY
Full interview with Zohran Mamdani From May 6,https://www.youtube.com/watch?v=ZRTD7ZARzj0
"Two Banks, Two Very Different Rate Paths | Presented by CME Group",https://www.youtube.com/watch?v=cua81Atrmh4
What’s the Outlook for Summer Gasoline? | Presented by CME Group,https://www.youtube.com/watch?v=5_bHsye47Pw
Iran Launches Missiles at US Air Base in Qatar: State Media,https://www.youtube.com/watch?v=s-8-8ItXftU&pp=0gcJCcEJAYcqIYzv
Where Is Iran's Missing Uranium?,https://www.youtube.com/watch?v=i2vxrsZ1C1Y
Trump Warns Against Rising Oil Prices Following Iran Attack,https://www.youtube.com/watch?v=QNijdVfBln4
US Attacks Iran: Extent of Damage Is Unclear,https://www.youtube.com/watch?v=4YgWInSHS7c
Bloomberg Surveillance 6/23/2025,https://www.youtube.com/watch?v=IYN_cZWQ09k
"Iran Is No Position to Threaten Anyone, Danon Says",https://www.youtube.com/watch?v=RfBVRhIlzjc
"Netherlands Defense Minister on Iran, Russia, NATO Summit, Spending",https://www.youtube.com/watch?v=bM45ZoLRHw4
"Iran's Regime Is Still Dangerous, Says Esper",https://www.youtube.com/watch?v=3JJNCysdrQM
IAEA: Significant Damage Expected to Have Occurred at Iran's Fordow Site,https://www.youtube.com/watch?v=nXgfmAwK96k&pp=0gcJCcEJAYcqIYzv
"Futures Advance, Oil Fluctuates as Iran Vows Retaliation to US Attacks | Bloomberg Brief 6/23/2025",https://www.youtube.com/watch?v=YtUiNuVASuw
Iran’s Payback Threat for US Strike Keeps World Powers on Alert | Bloomberg The Pulse 06/23,https://www.youtube.com/watch?v=_qD9bgAvhDA
"Iran Weighs Strait of Hormuz Closure, US Issues ‘Worldwide Caution’ | The Opening Trade 06/23",https://www.youtube.com/watch?v=THKgTstpPUw
Dollar's Strength Is More Than Haven Bid: 3-Minute MLIV,https://www.youtube.com/watch?v=K5joNZRZ_JQ
World Awaits Iran's Response; Traders Watch Hormuz Strait | Horizons Middle East & Africa 06/23/2025,https://www.youtube.com/watch?v=0HYqeguIRTU
"Iran Vows Retaliation for US Strikes, Trump Threatens More Attacks | Daybreak Europe 06/23/2025",https://www.youtube.com/watch?v=GRjoTIjHn9E&pp=0gcJCcEJAYcqIYzv
Satellite Images Question Trump’s Claim Atomic Sites Destroyed,https://www.youtube.com/watch?v=sRwQb_YG2yk
"Europe, NATO Brace for Iran’s Response After US Strikes",https://www.youtube.com/watch?v=4eKcAMiXSFk
China Condemns Trump's Attack on Iran | Bloomberg: The China Show 06/23/2025,https://www.youtube.com/watch?v=diFIi2_JAPQ
Oil Market Weighs Risks as Mideast Conflict Continues,https://www.youtube.com/watch?v=aHhhL1qFv6g
Some Airlines Halt Gulf Flights After US Strikes Iran,https://www.youtube.com/watch?v=7LosLaoGu9I
Trump May Have 'Obliterated' Diplomacy With Iran Attack | Insight with Haslinda Amin 6/23/2025,https://www.youtube.com/watch?v=WvTk0MjM8Ac
Middle East: What Does the US Strike on Iran Mean for Israel?,https://www.youtube.com/watch?v=3wvBMrtjzEI
"US Strikes On Iran Add to Market Uncertainty | Bloomberg: The Asia Trade, 6/23/25",https://www.youtube.com/watch?v=EnZevcTMAnc&pp=0gcJCcEJAYcqIYzv
"Summers on the Fed, Aramco Evolution, Future of AI, the Netflix House | Wall Street Week",https://www.youtube.com/watch?v=gwM8QQbRjkc
China 'Strongly' Condemns US Strike on Iran's Nuclear Program,https://www.youtube.com/watch?v=nKN5RY81kJA
US Attacks Iran | Balance of Power: Special Edition 6/22/2025,https://www.youtube.com/watch?v=4jzUsDF42R0
Markets React Sharply to US Airstrikes on Iran,https://www.youtube.com/watch?v=gki_fORJ1og
"Iran Has Options to 'Play the Oil Card,' McNally Says",https://www.youtube.com/watch?v=fO3onyi9wME
Trump Threatens More Action If Iran Doesn't Negotiate,https://www.youtube.com/watch?v=s2WEMxbMR84
"Trump Had the Right to Attack Iran, Issa Says",https://www.youtube.com/watch?v=jWiftTJXank
Bolton Says the US Mission in Iran Is Not Done Yet,https://www.youtube.com/watch?v=jV3SNJ0OmUg
Iran Fires More Missiles at Israel After US Airstrikes,https://www.youtube.com/watch?v=EMHaBDnv0M4
US Stealth Bombers Strike Iran's Nuclear Sites: The Latest,https://www.youtube.com/watch?v=T9cujWw5mzU
"Netflix Enters the Theme Park Industry with ""Netflix House""",https://www.youtube.com/watch?v=PA6i-X9mYBE
US Strikes Iran - How the Middle East Reacts,https://www.youtube.com/watch?v=LjhtUEH3i8A
Hegseth and Gen. Caine Detail Air Strikes Against Iran,https://www.youtube.com/watch?v=dcpJ5qp04W0
Hegseth Says Attack on Iran was US-Led,https://www.youtube.com/watch?v=9_mde7O4UmU
US Uses B-2 Bombers and Deception in Iran Air Strikes,https://www.youtube.com/watch?v=xiqbI1qrCNg
Hegseth: Iran's Nuclear Ambitions Have Been Obliterated,https://www.youtube.com/watch?v=_clkqKrhgMA
Israel's Netanyahu Congratulates Trump for Striking Iran,https://www.youtube.com/watch?v=8lXoB5ABS2o
Robinhood CEO Vlad Tenev Wants to Change the Future of AI,https://www.youtube.com/watch?v=7Zzdwcnt0b4
Iran Foreign Minister Araghchi on Right to Self-Defense,https://www.youtube.com/watch?v=6v_8Xn17g1U
Iran Foreign Minister Condemns US Attacks,https://www.youtube.com/watch?v=KFkxlBu3yss
Japan's Ishiba Calls for De-Escalation in Middle East,https://www.youtube.com/watch?v=c4r1j-xBSS4
Mali to Take Control of Barrick's Loulo-Gounkoto Gold Mine for Six Months,https://www.youtube.com/watch?v=GXI5M4ooHpk
Trump Says US Airstrikes Obliterated Iran's Nuclear Enrichment Facilities,https://www.youtube.com/watch?v=1oiwqFiE26U
"Aramco CEO Amin Nasser on the Future of Oil, AI & Saudi Vision 2030 (Extended Interview)",https://www.youtube.com/watch?v=1ny0bdkEIjE
Can Saudi Arabia’s Aramco Fuel a New Era?,https://www.youtube.com/watch?v=bwdVrn3xoDU
"Summers on the Fed, Middle East and NYC Mayoral Primary",https://www.youtube.com/watch?v=I2cNdqlF9kw
"European Space Agency's Aschbacher on Funding, Launches, Defense",https://www.youtube.com/watch?v=i2VAp4OCK1Y&pp=0gcJCcEJAYcqIYzv
"Nobody Is Interested in Going to War, MacCarley Says",https://www.youtube.com/watch?v=N_wMVRrRVIY
UAE's Binghatti Launches Asset Management Unit With $1 Billion Target,https://www.youtube.com/watch?v=mx2B3R9uXCw
China Youths Find Hope in Spiritual Healing,https://www.youtube.com/watch?v=h06PTXYUMbo&pp=0gcJCcEJAYcqIYzv
"Cocoa, Chocolate Prices: Why Are People Smuggling Beans out of Ivory Coast?",https://www.youtube.com/watch?v=NnofSpDTZ9Q
Pres. Trump Sends Mixed Iran Signals With Ceasefire Hint | Balance of Power Late Edition 6/20/2025,https://www.youtube.com/watch?v=SdyrhrypUys
How Are Trump's Immigration Policies Impacting The US Job Market?,https://www.youtube.com/watch?v=fV_vEdT21y8
"Trump Mindful of GOP Divisions: Pollack on Israel, Iran",https://www.youtube.com/watch?v=4_Y0VRwVyGo
S&P 500 Trading Volume Spikes at Wall Street Close | The Close 6/20/2025,https://www.youtube.com/watch?v=GF5juS2QS9Q
How Ice Cube's Big3 Is Changing the Game,https://www.youtube.com/watch?v=eim0NIQ0gV8
Equities Finish Choppy Session Lower | Closing Bell,https://www.youtube.com/watch?v=RHQseNVBSso
Will the US Strike Iran?,https://www.youtube.com/watch?v=1ux1M1JGMcM
Trump Gives Iran Diplomacy A Chance | Balance of Power: Early Edition 6/20/2025,https://www.youtube.com/watch?v=qbd0tv3qwO0
Fallout From the Fed Decision | Real Yield 6/20/2025,https://www.youtube.com/watch?v=0L_efU1-MSA
Stocks Rattled Ahead of Big Options Test | Bloomberg Open Interest,https://www.youtube.com/watch?v=ilAaC1GsMqQ
Bloomberg Surveillance 6/20/2025,https://www.youtube.com/watch?v=JV9Excwckv0
"Democratic Socialism Is Dangerous, Summers Says",https://www.youtube.com/watch?v=lIiNYVy2cKE
"Fed Is Right to Wait on Rates, Says Hoenig",https://www.youtube.com/watch?v=61MIJP1WTso
"Iran Won't Close Strait of Hormuz, Schork Says",https://www.youtube.com/watch?v=PGHopfKg-VE
"Trump: Iran Wants to Negotiate, But It’s ‘Very Late to Be Talking’",https://www.youtube.com/watch?v=-s_QkfKPSN4
Dollar Anxiety Building on Wall Street,https://www.youtube.com/watch?v=wu2FTm2tq7A
Oil Fluctuates On Trump Two-Week Iran Buffer; SoftBank's AI Bet | Bloomberg Brief 6/20/2025,https://www.youtube.com/watch?v=X-qJeqR8sWU
Trump Painted The Federal Reserve Into a Corner: Sen. Warren,https://www.youtube.com/watch?v=08t3pow9yHI
"Fed Holds Rates Steady Amid Uncertain Geopolitical, Economic Environment: The Fed Decides",https://www.youtube.com/watch?v=pnucWywpx4E
"Trump Signals He'll Hold Off Iran Strike, SoftBank's $1T US AI Hub Pitch | Bloomberg The Pulse 06/20",https://www.youtube.com/watch?v=nVHJVw9xiZ4
"Trump Two-Week Pause on Iran Strike, Oil Price Eases | Opening Trade 06/20",https://www.youtube.com/watch?v=OLpzBKJZOFY
SoftBank Pitches US AI Hub to TSMC,https://www.youtube.com/watch?v=17QZZ8B_MPE
Trump To Decide on Iran Strike; Israel Continues Attacks | Horizons Middle East & Africa 06/20/2025,https://www.youtube.com/watch?v=AcrTTa9DnLY&pp=0gcJCcEJAYcqIYzv
Iran Races to Get Its Oil Out Into the World,https://www.youtube.com/watch?v=yR0g-UYxGn8
Trump Sets Two-Week Deadline on Iran Strikes; Israel Hits Nuclear Sites | Daybreak Europe 06/20/2025,https://www.youtube.com/watch?v=rhKv6VuQURw
This Isn't an Oil Market for Tourists: 3-Minute MLIV,https://www.youtube.com/watch?v=AOUMUSPaz5Y
Trump to Decide on Iran in 'Two Weeks' | Insight with Haslinda Amin 6/20/2025,https://www.youtube.com/watch?v=6tXLNmWwO1o
Thai Leader’s Fate Hangs in Balance as Allies Weigh Future,https://www.youtube.com/watch?v=tDi808wBGFU
China’s Warning on Blind-Box Toys Sends Pop Mart Shares Sliding,https://www.youtube.com/watch?v=soHLzVIraBw
Xi Shows No Sign of Rescuing Iran | Bloomberg: The China Show 06/20/2025,https://www.youtube.com/watch?v=RodrfB1XZr8
Trump to Decide on Iran Strike Within Two Weeks,https://www.youtube.com/watch?v=_chWidCH6UQ
"Trump Sets Two Week Deadline for Iran Strikes | Bloomberg: The Asia Trade, 6/20/25",https://www.youtube.com/watch?v=wfXCi51RqdU
"BOE's Lombardelli on Rate Cut, Labor Market, Inflation",https://www.youtube.com/watch?v=fKnX4oBIHEM
SpaceX Rocket Explodes in Texas,https://www.youtube.com/watch?v=DMMxNDA1yEs
BOE Keeps Rates Unchanged at 4.25%,https://www.youtube.com/watch?v=K7jcnzpGq7g
US Officials Plan for Possible Strike on Iran | The Opening Trade 06/19,https://www.youtube.com/watch?v=lCaBwQ8n3as
"SNB President Schlegel on Rate Cut Decision, FX Market",https://www.youtube.com/watch?v=Ah1f3DiDOPg
US Officials Plan for Possible Strike on Iran in Coming Days | Bloomberg The Pulse 06/19,https://www.youtube.com/watch?v=--jA5q1mErk
LVMH Slump Heaps Pressure on Arnault,https://www.youtube.com/watch?v=CWIq2Vn78gM
Gold and CHF Are Portfolio-Diversifiers: 3-Minute MLIV,https://www.youtube.com/watch?v=04hzlefRd-Y
US Prepares for Possible Strike on Iran; Powell Gives Tariff Warning | Daybreak Europe 06/19/2025,https://www.youtube.com/watch?v=doEH2rzKGW0
US Prepares For Possible Iran Strike This Weekend | Horizons Middle East & Africa 6/19/2025,https://www.youtube.com/watch?v=KOFEQKRopYM
"Robots, AI Take Over Mobile World Congress in Shanghai",https://www.youtube.com/watch?v=Q1mft4usedg
Trump Keeps The World Guessing Over US Plans for Iran | Insight with Haslinda Amin 6/19/2025,https://www.youtube.com/watch?v=fEApjLLn3xE
Israel-Iran Latest: Why Is Hezbollah Staying Out of the Conflict?,https://www.youtube.com/watch?v=VjLul6iceyQ
Bloomberg: The China Show 06/19/2025,https://www.youtube.com/watch?v=VBQWNaKqFBw
Middle East: US Prepares for Possible Strike on Iran,https://www.youtube.com/watch?v=zM5_ovvQ1VY
Trump Tight-Lipped on Iran Plan | Bloomberg: The Asia Trade 6/19/25,https://www.youtube.com/watch?v=EYmGpYR2IK4
China’s Biggest Soy Sauce Maker Rises in Hong Kong Trading Debut,https://www.youtube.com/watch?v=FYH5mUuxjSc
"Shell ‘Being Very Careful’ With Shipping Around Iran, CEO Says",https://www.youtube.com/watch?v=zlL3xef-ZG8
President Trump Weighs Options in Iran | Balance of Power: Late Edition 6/18/2025,https://www.youtube.com/watch?v=xStDfuQvPBQ
Stocks Erase Gains as Powell Flags Inflation Risks | The Close 6/18/2025,https://www.youtube.com/watch?v=_2O_gOyuJbM
Fed's Powell: Economy is in Solid Position | Closing Bell,https://www.youtube.com/watch?v=45l8hO9k5eE
Trump Says Iran Missed Chance of Deal | Balance of Power: Early Edition 6/18/2025,https://www.youtube.com/watch?v=-MzUyP50uuI
Jerome Powell Statement: Fed Well-Positioned to Wait to Learn More,https://www.youtube.com/watch?v=uRG24ThHplw
Is the US Consumer's Resilience Starting to Crack? | Presented by CME Group,https://www.youtube.com/watch?v=hBPL7pHivSA
Soybean Oil Futures Energized by EPA Proposal | Presented by CME Group,https://www.youtube.com/watch?v=d38Blg7hcMg
Novogratz on the Senate's Landmark Stablecoin Bill | Open Interest 6/18/2025,https://www.youtube.com/watch?v=NrLLLbEp96s
"Mike Novogratz on a Shadow Fed, Markets, Stablecoin Bill",https://www.youtube.com/watch?v=BLB29S9s5YU
Bloomberg Surveillance 6/18/2025,https://www.youtube.com/watch?v=BQyAeg1jIqI
"Crypto: Trump-Backed Stablecoin Bill Passed, Fed Rate Decision Day | The Opening Trade 06/18",https://www.youtube.com/watch?v=v4XYFquN6eA
"Middle East: IAEA's Grossi on Iran Nuclear Sites Damage, Risks",https://www.youtube.com/watch?v=IGhoUGolXQ4&pp=0gcJCcEJAYcqIYzv
Stocks Waver Ahead of Fed Decision; Trump Calls on Iran to Surrender | Bloomberg Brief 6/18/2025,https://www.youtube.com/watch?v=re0V2hTJMwg
IAEA: Facilities at Iran's Natanz Site Were 'Badly Hit',https://www.youtube.com/watch?v=MTqtRJl4xoU
Trump Weighs Iran Options as Israel Ratchets up Airstrikes | Bloomberg The Pulse 06/18,https://www.youtube.com/watch?v=PX72N3RxYvI
UK Inflation Holds at Highest in Over a Year Before BOE Vote,https://www.youtube.com/watch?v=34VYIWaLgJ8
Sam Altman: Meta Offered OpenAI Staffers $100 Million Bonuses,https://www.youtube.com/watch?v=hQeud564iCY&pp=0gcJCcEJAYcqIYzv
Trump Calls For Iran's 'Surrender'; Meta Trying to Lure OpenAI Staff | Daybreak Europe 06/12/2025,https://www.youtube.com/watch?v=OBMaGwVbdoU
"Trump Tariffs, Trade War: Are They Harming the USD Reign?",https://www.youtube.com/watch?v=21cXcXqL6oo
Fed Meeting Matters But Has No Shelf Life: 3-Minute MLIV,https://www.youtube.com/watch?v=zKgcQMOIv1I
"Trump Threatens Iran's Leader, Macron Fears Chaos | Insight with Haslinda Amin 6/18/2025",https://www.youtube.com/watch?v=LD0SGbBxefs
Wider War; Speculation US May Join Israel’s Iran Strikes | Horizons Middle East & Africa 6/18/2025,https://www.youtube.com/watch?v=X8Wjnfx7Ekc
PBOC Chief Envisions New World Currency Order | Bloomberg: The China Show 06/18/2025,https://www.youtube.com/watch?v=jyABVHQr7PU
"Israel-Iran Conflict Continues, Trump Weighs Options",https://www.youtube.com/watch?v=WmLzoI-wLL4
Oil Steadies as Mideast Escalation Concerns Continue,https://www.youtube.com/watch?v=pcwEqoTDRyc
"Speculation Grows on Trump Mideast Intervention | Bloomberg: The Asia Trade, 6/18/25",https://www.youtube.com/watch?v=VxSZhiQoX6c
Senate Passes Stablecoin Bill | Balance of Power Late Edition 6/17/2025,https://www.youtube.com/watch?v=w5xgzQy1CYA
Stocks Fall as Israel-Iran Jitters Spur Oil Rally | The Close 6/17/2025,https://www.youtube.com/watch?v=NkeQUlF_u0s
Stocks Fall on Mideast War Escalation | Closing Bell,https://www.youtube.com/watch?v=MxXjKbBD-1o
Trump Ups Pressure on Iran | Balance of Power: Early Edition 6/17/2025,https://www.youtube.com/watch?v=Zmt7vCO42ro
Ken Griffin on Harvard and Higher Education,https://www.youtube.com/watch?v=mCLqI8pLFik
Johnson & Johnson CEO: “We’re in the Golden Era of Medical Innovation”,https://www.youtube.com/watch?v=NBHpG_bFe-8
Why Ken Griffin Gives to Both Political Parties,https://www.youtube.com/watch?v=OcJuKb_C8zQ
JPMorgan Hikes Sapphire Reserve Fee to Nearly $800 | Open Interest  6/17/2025,https://www.youtube.com/watch?v=jtUwUU1-v7I
New York City Comptroller Lander Arrested at Immigration Court,https://www.youtube.com/watch?v=TIiaB1OHeoQ
Senate Vote on Stablecoin Bill | Bloomberg Crypto 6/17/2025,https://www.youtube.com/watch?v=9I7qz51B7d8
Bloomberg Surveillance 6/17/2025,https://www.youtube.com/watch?v=yejCYJNBIpg
"Nassim Taleb on Risks, Gold, Private Markets, Trump Tariffs",https://www.youtube.com/watch?v=7nL3bDaUSZw
Trump Rebuffs Iran Ceasefire; Senate GOP Look To Fund Tax Cuts | Bloomberg Brief 6/17/2025,https://www.youtube.com/watch?v=uV7pSb0a9E4
"Trump Plays Down Iran-Israel Ceasefire, China Oil Demand Forecast Cut | Bloomberg The Pulse 06/17",https://www.youtube.com/watch?v=7BuMaATf0CI&pp=0gcJCcEJAYcqIYzv
Trump G-7 Exit ‘Much Bigger’ Reason Than Israel-Iran Ceasefire | The Opening Trade 06/17,https://www.youtube.com/watch?v=n4kYsUEefLY
"Oil Markets: China Demand to Peak Earlier Than Expected, IEA Says",https://www.youtube.com/watch?v=qUgptj--aSE
What Is Israel's Strategy for Iran?,https://www.youtube.com/watch?v=A_hE46NEM78
Trump Calls for Tehran Evacuation; Oil Rises on Israel-Iran Tensions | Daybreak: Europe 06/17/2025,https://www.youtube.com/watch?v=5o0sldheSj8
Trump Urges Tehran Evacuation; Israel Signals More Strikes | Horizons Middle East & Africa 6/17/2025,https://www.youtube.com/watch?v=N1erFLDivYY
Australian Prime Minister's Meeting With Trump Scrapped After G-7 Departure,https://www.youtube.com/watch?v=JgD8nyP_efQ
Israel-Iran Latest: Trump Calls for Evacuation of Tehran,https://www.youtube.com/watch?v=k-kma2Yj5TI
"Trump Leaves G-7 Early, Dismissing Global Order | Insight with Haslinda Amin 6/17/2025",https://www.youtube.com/watch?v=K0qXJ8WDYLs
Trump Leaves G-7 Early as Israel-Iran Tension Spikes,https://www.youtube.com/watch?v=XYDVJYmCh04
Oil Prices Jump After Donald Trump Calls for Tehran Evacuation,https://www.youtube.com/watch?v=f2EaLbPbwz8
Trump Cuts G-7 Trip Short Amid Israel-Iran Tensions |Bloomberg: The China Show 06/17/2025,https://www.youtube.com/watch?v=K_rjkTx8poE
"Trump Makes Abrupt G-7 Exit After Tehran Warning | Bloomberg: Asia Trade, 6/17/25",https://www.youtube.com/watch?v=afaEnOwUSac
"US, UK Sign Trade Deal | Balance of Power Late Edition 6/16/2025",https://www.youtube.com/watch?v=gAVacYiwy18
Stocks Rise as Fear of All-Out Mideast War Eases | The Close 6/16/2025,https://www.youtube.com/watch?v=w8fGXngjhZc
Amazon Acquired Whole Foods | On This Day,https://www.youtube.com/watch?v=ORXCknX2dgA
Communications & Tech Today's Top S&P Sectors | Closing Bell,https://www.youtube.com/watch?v=rfUmxk6x2Tk
Israel to Continue Strikes | Balance of Power: Early Edition 6/16/2025,https://www.youtube.com/watch?v=-De0pcOVVWM
Retail ETF Investors Grow in Europe | ETF IQ 6/16/2025,https://www.youtube.com/watch?v=TtUDEEOgcjc
Stocks Calm on Mideast De-Escalation Reports | Open Interest 6/16/2025,https://www.youtube.com/watch?v=IVoPQGrxVqw
Oil Options Are Democratizing | Presented by CME Group,https://www.youtube.com/watch?v=8OZfHDYnTwA
Will the Bank of Japan Slow Normalization? | Presented by CME Group,https://www.youtube.com/watch?v=fGmeEze0HpA&pp=0gcJCcEJAYcqIYzv
"Incoming Moelis CEO on M&A, Private Capital and Hiring",https://www.youtube.com/watch?v=efDZLn6Rviw
Bloomberg Surveillance 6/16/2025,https://www.youtube.com/watch?v=-ennTbKlab0
Trump Launches Self-Branded Mobile Phone Service,https://www.youtube.com/watch?v=M-iFIJH3Zg8
Israel-Iran Conflict Rages On; Oil Pares Gains; Tensions Overshadow G-7 | Bloomberg Brief 6/16/2025,https://www.youtube.com/watch?v=vHAOFPP5Lp0
Israel-Iran Attacks Continue With no Deal in Sight | Bloomberg The Pulse 06/16,https://www.youtube.com/watch?v=l35aujsdFU0
"Trump: Israel, Iran May Need to 'Fight It Out', G-7 Leaders in Canada | The Opening Trade 06/16",https://www.youtube.com/watch?v=a_3vCPQftH8
"Israel-Iran Conflict: Attacks Continue, No Sign of Easing",https://www.youtube.com/watch?v=kSkFDESeNT0&pp=0gcJCcEJAYcqIYzv
Could Oil Reach $200 a Barrel Amid Israel-Iran Conflict Escalation?,https://www.youtube.com/watch?v=CgdNZ7pVlsg
BOJ Is Exciting Bank Meeting of This Week: 3-Minute MLIV,https://www.youtube.com/watch?v=CyEVaCBR_Oo
"Airbus CEO on Demand, Tariffs Impact, European Defense",https://www.youtube.com/watch?v=CzYNZVVmR5w
"Oil, Gold Rise on Israel-Iran Attacks; Trump Lands in Canada for G-7 | Daybreak Europe 06/16/2025",https://www.youtube.com/watch?v=LJtnRGlIPa8
Oil Prices Rise as Israel-Iran Conflict Continues,https://www.youtube.com/watch?v=8kur0wmwKyU
